DROP DATABASE IF EXISTS TheRedCarpet;
CREATE DATABASE TheRedCarpet;

USE TheRedCarpet;

-- Base de données : `theredcarpet`
--

-- --------------------------------------------------------

--
-- phpMyAdmin SQL Dump
-- version 5.2.1
-- https://www.phpmyadmin.net/
--
-- Hôte : 127.0.0.1:3306
-- Généré le : mer. 13 nov. 2024 à 22:00
-- Version du serveur : 8.3.0
-- Version de PHP : 8.2.18

SET SQL_MODE = "NO_AUTO_VALUE_ON_ZERO";
START TRANSACTION;
SET time_zone = "+00:00";


/*!40101 SET @OLD_CHARACTER_SET_CLIENT=@@CHARACTER_SET_CLIENT */;
/*!40101 SET @OLD_CHARACTER_SET_RESULTS=@@CHARACTER_SET_RESULTS */;
/*!40101 SET @OLD_COLLATION_CONNECTION=@@COLLATION_CONNECTION */;
/*!40101 SET NAMES utf8mb4 */;

--
-- Base de données : `theredcarpet`
--

-- --------------------------------------------------------

--
-- Structure de la table `artist`
--

DROP TABLE IF EXISTS `artist`;
CREATE TABLE IF NOT EXISTS `artist` (
  `ID` int NOT NULL AUTO_INCREMENT,
  `firstName` char(255) NOT NULL,
  `lastName` char(255) NOT NULL,
  `biography` text NOT NULL,
  PRIMARY KEY (`ID`)
) ENGINE=InnoDB DEFAULT CHARSET=utf8mb4 COLLATE=utf8mb4_unicode_ci;

INSERT INTO `artist` (`ID`, `firstName`, `lastName`, `biography`) VALUES
(1, 'Gilles', 'Chauvin', 'Et quo distinctio mollitia rerum et et illo. Neque iste voluptatem saepe culpa quis dicta. Et aut asperiores illo debitis consequatur dolor. Voluptatem ex eos dolorem ut qui. Laudantium quo et ut enim ea praesentium ducimus.'),
(2, 'Olivier', 'Chauvin', 'Vel rerum accusamus iure voluptatem molestias earum laboriosam. Molestiae et quasi quisquam. Sunt nostrum maxime possimus laboriosam laborum ullam occaecati distinctio.'),
(3, 'Thierry', 'Richard', 'Fugiat quis vero autem non delectus facere reprehenderit. Quae dolorem dolorum dolorum ullam dignissimos amet nisi. Est dolorem consequatur suscipit et accusamus.'),
(4, 'André', 'Paul', 'Voluptates enim ea sit magni. Molestias labore harum dolor omnis iste. Natus iure adipisci reprehenderit ex. Exercitationem perspiciatis asperiores beatae. Modi rem et quas a ut.'),
(5, 'Benjamin', 'Guillou', 'Repudiandae soluta natus enim reiciendis. Aspernatur eum saepe maxime sapiente officia. Veniam amet dolores qui officia veniam occaecati sed.'),
(6, 'Zoé', 'Labbe', 'Quis vel qui neque eius deserunt veritatis. Cumque aut dolor totam dolores. Ut est excepturi facilis veniam sint aut.'),
(7, 'Nathalie', 'Ruiz', 'Voluptas natus omnis laboriosam odio dolor fugit aut. Nam numquam veritatis consectetur reiciendis non eaque.'),
(8, 'Thibault', 'Cohen', 'Ex possimus maxime rerum asperiores odio accusamus. Ut ex vero ut qui qui et ducimus voluptatum. At voluptatem culpa facilis minus impedit rerum cupiditate.'),
(9, 'René', 'Jacquet', 'Aut velit aut maxime dolorem recusandae maiores velit. Veritatis veritatis doloremque incidunt quo est voluptas tempore. Voluptate dolor tempore accusantium.'),
(10, 'Thomas', 'Baudry', 'Sapiente quia consectetur molestiae neque sit. Temporibus neque voluptatem voluptatem quo in perspiciatis odit sequi. Assumenda nisi deleniti provident sunt dicta ea est nihil. Quis pariatur nesciunt cum libero atque.'),
(11, 'Gabrielle', 'Hoareau', 'Culpa excepturi minus officiis ut odio quaerat. Veniam tempora qui optio rem ipsa esse. Atque voluptatibus itaque in nisi odit. Totam nobis dolore quis ratione.'),
(12, 'Éléonore', 'Robert', 'Quisquam consequatur qui nisi nostrum. Omnis voluptatibus cum accusamus adipisci libero dignissimos quia. Eum reprehenderit et qui eligendi qui.'),
(13, 'Nathalie', 'Boulanger', 'Voluptatem autem suscipit dolor sed repellat velit laudantium. Non et corporis quo. Suscipit aut aliquam omnis voluptatem iusto omnis quae. Similique consequatur iste sunt dolorum in ut.'),
(14, 'Lucy', 'Paul', 'Facere neque eum praesentium voluptatum. Reiciendis quae repellat nihil amet laboriosam quia consequatur consequatur. Tenetur aliquid sed aspernatur voluptatem vero voluptas vitae.'),
(15, 'Auguste', 'Regnier', 'Aliquid at eius corrupti et natus voluptatem aspernatur. Expedita debitis velit voluptatem consequatur voluptates molestiae qui. Velit delectus ad dolores magni accusamus et cumque. Inventore ipsam alias quod itaque consequatur.'),
(16, 'Christophe', 'Hebert', 'Molestiae et ea ea quia ab aliquam voluptatem quia. Aut est omnis iusto. Omnis reprehenderit in sit suscipit omnis omnis.'),
(17, 'Audrey', 'Masson', 'Minima ipsa ipsam et alias facere. Voluptatem sit quae sit suscipit qui. Quia excepturi facere nesciunt sed.'),
(18, 'Martine', 'Hamon', 'Fuga vero modi ut nemo cupiditate. A magnam eos veritatis. Officia vel et sequi nobis iure voluptatibus aut. Ut alias neque occaecati reprehenderit neque.'),
(19, 'Anaïs', 'Bousquet', 'Illum rerum nisi aperiam tempora. Id adipisci voluptate rerum sit soluta est ut. Voluptatem possimus incidunt quas et voluptatem delectus nulla harum. Aut ut et sit ut dolor eaque qui.'),
(20, 'Éléonore', 'Goncalves', 'Nesciunt vero est molestiae molestiae in autem. Velit et qui quod quo odit recusandae non. Mollitia eos voluptatum praesentium ipsam et aut aut et. Quo tempore quia non beatae ut sequi dolore.'),
(21, 'Anaïs', 'Lefort', 'Qui ipsa corrupti accusantium. Inventore rerum rem nam excepturi itaque quidem. In ratione qui et odio et voluptatum consequatur est. Quibusdam non aperiam magnam quis inventore rerum dolores. Quam est aspernatur sapiente qui officia.'),
(22, 'Anne', 'Robin', 'Earum sed quia velit cumque. Error et quam possimus temporibus architecto quos. Et fugit ea similique officiis.'),
(23, 'Christophe', 'Besson', 'Perspiciatis ab ut et ut pariatur. Iusto eveniet pariatur et eius omnis omnis eaque dicta. Aperiam quasi veniam quia nihil consequatur. Quis nobis voluptatem nihil repellendus praesentium est cupiditate.'),
(24, 'Caroline', 'Lesage', 'Facere ducimus voluptatum sint ratione. Minus rem dolores et ratione iste sint accusantium. Est est aut nemo modi eaque consequatur.'),
(25, 'Charles', 'Garcia', 'Repellendus quaerat et est. Sint voluptatem autem provident voluptatem. Non ratione sint aut consequatur eaque sunt sit.'),
(26, 'William', 'Devaux', 'Voluptatem voluptas exercitationem non aliquam ipsam. Dolorem qui placeat maxime dolor. Sed illo a delectus at aut.'),
(27, 'Eugène', 'Leveque', 'Non et et qui. Molestias provident quo aperiam magni eligendi necessitatibus non. Commodi itaque quia non.'),
(28, 'Anne', 'Tessier', 'Sit voluptas quam reprehenderit ipsum similique non. Repellat rerum ut ipsam beatae velit perferendis quisquam. Reprehenderit architecto et et dolore.'),
(29, 'Hugues', 'Fontaine', 'Vel culpa optio voluptatem odio aperiam aut minima. Explicabo sapiente animi fuga sunt delectus qui dolor voluptatem. Sapiente cupiditate labore incidunt ducimus suscipit.'),
(30, 'Gabrielle', 'Techer', 'Sit neque fugiat et eveniet qui numquam. Et animi iure qui odit alias autem perspiciatis. Molestiae eligendi repellat quas impedit. Doloribus error et facere iure eius.');


-- --------------------------------------------------------

--
-- Structure de la table `category`
--

DROP TABLE IF EXISTS `category`;
CREATE TABLE IF NOT EXISTS `category` (
  `ID` int NOT NULL AUTO_INCREMENT,
  `name` varchar(255) CHARACTER SET utf8mb4 COLLATE utf8mb4_unicode_ci NOT NULL,
  `helpText` text NOT NULL,
  PRIMARY KEY (`ID`)
) ENGINE=InnoDB DEFAULT CHARSET=utf8mb4 COLLATE=utf8mb4_unicode_ci;


INSERT INTO `category` (`ID`, `name`, `helpText`) VALUES
(1, 'qui', 'Qui vel qui vel quia dignissimos labore ipsum.'),
(2, 'eos', 'Libero atque aliquam suscipit nisi.'),
(3, 'voluptatem', 'Eligendi suscipit perspiciatis reprehenderit ea aut minima.'),
(4, 'sequi', 'Non molestiae iusto eum ut asperiores aut.'),
(5, 'vel', 'Quia repellat qui cumque deleniti nihil.'),
(6, 'commodi', 'Rerum et iure dolor labore.'),
(7, 'itaque', 'Molestiae ut beatae et minus minima.'),
(8, 'exercitationem', 'Dolor id voluptas illum in.'),
(9, 'dolorem', 'Ut adipisci consequatur sint cupiditate aut recusandae commodi.'),
(10, 'vitae', 'Accusamus veniam aliquam omnis sunt aperiam dolorum officiis ut.');

-- --------------------------------------------------------

--
-- Structure de la table `representation`
--

DROP TABLE IF EXISTS `representation`;
CREATE TABLE IF NOT EXISTS `representation` (
  `first_date` datetime NOT NULL,
  `last_date` datetime NOT NULL,
  `spectacle_id` int NOT NULL,
  `room_id` int NOT NULL,
  KEY `fk_representationS` (`spectacle_id`) USING BTREE,
  KEY `fk_representationR` (`room_id`)
) ENGINE=InnoDB DEFAULT CHARSET=utf8mb4 COLLATE=utf8mb4_unicode_ci;

INSERT INTO `representation` (`first_date`, `last_date`, `spectacle_id`, `room_id`) VALUES
('2025-01-06 10:59:59', '2024-12-23 03:06:17', 17, 9),
('2025-01-10 14:44:32', '2025-02-06 01:39:54', 10, 6),
('2024-11-30 03:29:10', '2025-02-14 19:25:34', 30, 12),
('2024-12-05 09:50:11', '2025-01-16 15:14:24', 8, 12),
('2024-12-08 06:21:10', '2025-01-21 01:10:43', 34, 4),
('2024-11-28 05:22:19', '2024-12-21 22:53:53', 26, 14),
('2024-11-27 01:21:46', '2024-12-22 19:33:22', 25, 14),
('2025-01-16 08:57:59', '2025-02-16 10:22:55', 43, 2),
('2024-11-20 09:26:26', '2024-12-24 03:37:44', 15, 1),
('2025-01-14 03:27:16', '2025-01-11 00:26:00', 16, 17),
('2025-01-16 02:47:59', '2025-02-05 22:05:23', 48, 15),
('2025-01-07 13:36:12', '2024-12-24 02:47:05', 1, 10),
('2025-01-12 12:32:09', '2025-01-15 07:33:19', 7, 5),
('2024-11-24 11:01:26', '2025-01-08 21:58:50', 13, 19),
('2025-01-02 15:20:08', '2025-01-23 00:29:42', 2, 13),
('2025-01-12 10:45:56', '2025-01-04 11:39:38', 4, 18),
('2024-12-15 13:08:20', '2024-12-26 13:25:21', 32, 18),
('2025-01-15 02:08:02', '2025-02-01 06:25:47', 14, 17),
('2024-12-12 15:43:26', '2025-01-01 23:23:48', 31, 3),
('2024-12-30 13:38:24', '2025-01-24 07:08:55', 40, 2),
('2024-11-30 07:14:44', '2025-02-13 09:10:27', 3, 11),
('2024-12-03 23:36:08', '2025-01-13 13:57:20', 1, 7),
('2024-12-06 10:22:10', '2025-01-28 23:57:15', 2, 13),
('2024-12-10 14:32:59', '2025-01-03 10:04:49', 10, 20),
('2024-12-28 12:20:58', '2025-01-03 13:17:36', 27, 7),
('2025-01-06 16:58:28', '2025-01-08 19:25:50', 21, 15),
('2025-01-05 17:52:33', '2025-01-06 09:50:09', 11, 15),
('2025-01-10 13:08:48', '2025-02-02 05:26:59', 25, 7),
('2025-01-10 11:05:53', '2024-12-23 03:12:47', 31, 8),
('2024-11-28 17:04:37', '2025-01-02 20:39:03', 27, 7),
('2024-12-19 11:44:37', '2025-01-27 11:16:29', 48, 1),
('2024-11-28 10:04:17', '2025-01-22 00:22:34', 47, 14),
('2025-01-03 18:16:06', '2025-02-02 23:26:24', 2, 12),
('2025-01-14 08:31:45', '2025-01-04 03:31:55', 24, 18),
('2024-12-21 04:56:33', '2025-01-03 23:51:58', 37, 9),
('2025-01-06 23:20:32', '2025-02-15 19:34:06', 18, 5),
('2024-11-20 02:05:52', '2025-01-12 19:52:36', 45, 9),
('2025-01-07 16:03:28', '2025-01-08 11:00:03', 13, 6),
('2024-11-25 08:18:32', '2025-02-09 20:44:00', 10, 7),
('2024-11-25 12:09:20', '2025-01-25 14:48:30', 19, 1),
('2024-12-30 07:04:39', '2025-02-16 09:38:24', 24, 19),
('2024-12-01 06:07:33', '2025-01-21 10:05:07', 21, 16),
('2024-12-08 11:49:27', '2025-01-25 05:17:59', 36, 17),
('2024-12-04 21:00:28', '2025-02-10 11:54:57', 42, 18),
('2024-12-09 15:19:01', '2025-01-15 10:55:58', 35, 16),
('2024-11-22 12:47:14', '2025-01-31 01:49:42', 25, 19),
('2024-12-11 17:39:09', '2025-01-23 05:28:51', 33, 14),
('2024-11-27 05:27:39', '2024-12-26 00:02:06', 39, 13),
('2025-01-12 14:34:04', '2025-01-18 07:32:47', 41, 5),
('2024-12-27 06:39:21', '2025-01-11 05:15:04', 7, 11),
('2024-11-21 21:11:21', '2025-02-12 15:36:42', 37, 5),
('2024-12-10 10:48:14', '2025-01-01 08:06:18', 21, 11),
('2024-12-27 12:54:55', '2025-01-04 20:24:12', 32, 14),
('2024-12-11 15:40:27', '2024-12-19 12:20:02', 28, 6),
('2025-01-06 18:06:11', '2025-01-17 14:37:57', 2, 17),
('2025-01-04 11:41:29', '2025-01-05 15:49:24', 22, 1),
('2024-12-29 07:20:12', '2024-12-31 17:04:48', 19, 19),
('2025-01-11 06:59:50', '2025-01-25 11:45:11', 23, 5),
('2024-12-24 11:45:37', '2025-01-07 05:01:42', 5, 5),
('2024-11-27 16:16:33', '2025-01-19 13:11:55', 22, 8),
('2024-11-20 15:18:41', '2025-01-17 20:35:22', 33, 6),
('2024-12-14 13:16:07', '2025-01-17 02:26:22', 32, 11),
('2024-12-07 18:31:01', '2025-01-22 15:42:23', 19, 3),
('2025-01-15 20:58:18', '2024-12-19 00:55:43', 22, 20),
('2024-12-16 10:13:15', '2025-02-14 08:19:26', 44, 13),
('2024-11-16 19:07:11', '2025-01-11 13:30:33', 41, 14),
('2024-12-20 21:16:00', '2024-12-19 09:57:07', 32, 4),
('2025-01-13 02:22:10', '2024-12-22 11:09:49', 2, 8),
('2025-01-12 03:05:22', '2025-02-07 12:33:14', 34, 7),
('2024-12-16 15:48:59', '2024-12-18 12:47:16', 12, 15),
('2024-11-20 17:14:56', '2025-01-25 06:36:07', 15, 6),
('2024-11-22 00:55:51', '2025-02-15 15:08:23', 17, 6),
('2024-12-08 13:48:37', '2025-02-03 23:48:36', 49, 5),
('2025-01-13 07:10:11', '2025-01-29 09:49:50', 5, 2),
('2024-12-18 03:20:44', '2025-01-05 15:30:10', 4, 3),
('2024-12-12 03:39:17', '2025-01-17 15:46:44', 50, 2),
('2025-01-10 11:30:26', '2025-02-07 07:55:26', 32, 10),
('2024-12-25 10:51:17', '2024-12-28 11:48:53', 10, 3),
('2024-12-15 07:33:16', '2025-01-25 12:08:28', 12, 20),
('2024-12-08 23:21:09', '2025-02-04 14:44:30', 20, 11),
('2024-11-25 03:36:54', '2024-12-20 09:59:43', 4, 8),
('2024-12-02 01:44:16', '2025-01-14 01:13:32', 17, 8),
('2024-11-22 06:17:20', '2025-02-11 08:57:26', 29, 1),
('2025-01-08 09:07:30', '2025-01-28 10:00:48', 39, 18),
('2025-01-11 06:47:47', '2025-02-07 18:37:01', 38, 5),
('2025-01-09 19:07:38', '2025-01-16 16:13:51', 33, 15),
('2025-01-10 14:19:21', '2025-01-06 00:51:00', 8, 5),
('2024-12-16 03:54:29', '2025-01-13 19:00:24', 11, 4),
('2024-11-18 09:49:44', '2025-01-03 04:48:07', 50, 18),
('2024-11-24 14:03:18', '2024-12-29 20:35:36', 15, 3),
('2024-11-24 00:30:03', '2025-02-02 07:17:11', 7, 8),
('2024-12-08 22:09:42', '2025-01-12 20:13:37', 43, 17),
('2024-11-30 23:08:34', '2025-01-23 18:57:34', 35, 13),
('2024-12-18 21:08:31', '2025-02-15 10:04:54', 38, 20),
('2024-12-23 13:30:06', '2025-01-22 16:19:30', 23, 8),
('2025-01-06 01:20:20', '2025-01-13 05:33:20', 48, 8),
('2024-12-05 13:07:08', '2025-02-16 07:57:30', 42, 11),
('2024-11-30 15:55:28', '2024-12-21 13:02:47', 28, 1),
('2024-12-20 18:34:52', '2025-01-07 22:30:05', 3, 14),
('2025-01-10 02:27:26', '2025-01-01 22:06:59', 42, 8);


-- --------------------------------------------------------

--
-- Structure de la table `role`
--

DROP TABLE IF EXISTS `role`;
CREATE TABLE IF NOT EXISTS `role` (
  `role` varchar(255) NOT NULL,
  `artist_id` int NOT NULL,
  `spectacle_id` int NOT NULL,
  KEY `fk_roleA` (`artist_id`),
  KEY `fk_roleS` (`spectacle_id`)
) ENGINE=InnoDB DEFAULT CHARSET=utf8mb4 COLLATE=utf8mb4_unicode_ci;

INSERT INTO `role` (`role`, `artist_id`, `spectacle_id`) VALUES
('Pilote de soutireuse', 13, 49),
('Epithésiste', 30, 29),
('Facteur de clavecins', 8, 8),
('Facteur de clavecins', 20, 23),
('Armurier d\'art', 16, 20),
('Maçonnerie', 12, 43),
('Preneur de son', 9, 17),
('Assistant des ventes', 27, 47),
('Ouvrier sidérurgiste', 25, 28),
('Porteur de journaux', 30, 15),
('Animateur web', 23, 50),
('Comptable unique', 26, 45),
('Marin grande pêche', 13, 5),
('Animateur web', 25, 29),
('Façadier-bardeur', 29, 16),
('Logistique', 29, 30),
('Moniteur de sport', 7, 6),
('Technicien énergie', 22, 16),
('Coffreur béton armé', 26, 45),
('Décorateur-costumier', 18, 3),
('Chef monteur son', 18, 1),
('Monteur-frigoriste', 16, 43),
('Topographe', 12, 3),
('Sapeur-pompier', 29, 23),
('Essayeur-retoucheur', 19, 48),
('Hématologue', 30, 25),
('Toréro', 15, 49),
('Chromiste', 24, 27),
('Portier', 15, 36),
('Ingénieur bâtiment', 4, 24),
('Flaconneur', 22, 47),
('Oenologue', 16, 7),
('Preneur de son', 17, 42),
('Responsable de salle', 22, 14),
('Billettiste voyages', 2, 31),
('Monteur prototypiste', 30, 29),
('Chef de fabrication', 16, 11),
('Frigoriste maritime', 6, 3),
('Pédicure pour bovin', 27, 22),
('Turbinier', 28, 48),
('Rippeur spectacle', 6, 27),
('Mouleur sable', 7, 4),
('Artiste dramatique', 16, 13),
('Choréologue', 30, 12),
('Praticien dentaire', 10, 19),
('Maçon', 14, 40),
('Monteur prototypiste', 16, 30),
('Monteur-truquiste', 14, 1),
('Opérateur de plateau', 28, 14),
('Frigoriste maritime', 12, 19);

-- --------------------------------------------------------

--
-- Structure de la table `room`
--

DROP TABLE IF EXISTS `room`;
CREATE TABLE IF NOT EXISTS `room` (
  `ID` int NOT NULL AUTO_INCREMENT,
  `name` char(1) NOT NULL,
  `gauge` int NOT NULL,
  `theater_id` int NOT NULL,
  PRIMARY KEY (`ID`),
  KEY `fk_theatre` (`theater_id`)
) ENGINE=InnoDB DEFAULT CHARSET=utf8mb4 COLLATE=utf8mb4_unicode_ci;

INSERT INTO `room` (`ID`, `name`, `gauge`, `theater_id`) VALUES
(1, 'c', 310, 1),
(2, 'c', 197, 3),
(3, 'x', 320, 2),
(4, 'q', 465, 4),
(5, 'o', 68, 4),
(6, 'm', 88, 1),
(7, 'd', 262, 3),
(8, 'z', 320, 3),
(9, 'z', 389, 1),
(10, 'c', 54, 3),
(11, 'h', 231, 4),
(12, 'f', 180, 4),
(13, 'c', 392, 4),
(14, 'i', 489, 3),
(15, 'r', 128, 4),
(16, 'm', 68, 1),
(17, 'r', 125, 2),
(18, 'i', 351, 1),
(19, 'n', 73, 3),
(20, 'c', 82, 4);

-- --------------------------------------------------------

--
-- Structure de la table `schedule`
--

DROP TABLE IF EXISTS `schedule`;
CREATE TABLE IF NOT EXISTS `schedule` (
  `date` datetime NOT NULL,
  `booked` int NOT NULL,
  `paid` tinyint(1) NOT NULL,
  `amount` float NOT NULL,
  `comment` text NOT NULL,
  `notation` int NOT NULL,
  `reactions` json NOT NULL,
  `spectacle_id` int NOT NULL,
  `subscriber_id` int NOT NULL,
  KEY `fk_scheduleSP` (`spectacle_id`),
  KEY `fk_scheduleSU` (`subscriber_id`)
) ENGINE=InnoDB DEFAULT CHARSET=utf8mb4 COLLATE=utf8mb4_unicode_ci;

INSERT INTO `schedule` (`date`, `booked`, `paid`, `amount`, `comment`, `notation`, `reactions`, `spectacle_id`, `subscriber_id`) VALUES
('2025-01-14 19:26:11', 1, 1, 18.38, 'Odio adipisci et accusantium ea et dolorem.', 2, '{\"reaction\": \"ullam\"}', 4, 185),
('2024-11-18 12:08:29', 1, 0, 51.57, 'Architecto in eos nihil laborum.', 1, '{\"reaction\": \"quo\"}', 38, 136),
('2024-12-03 08:48:28', 1, 0, 95.08, 'Soluta magnam quaerat qui velit.', 5, '{\"reaction\": \"est\"}', 14, 144),
('2024-11-27 10:18:00', 0, 1, 43.05, 'Quasi minus qui ut quia beatae.', 3, '{\"reaction\": \"tempore\"}', 9, 171),
('2025-01-01 07:25:37', 0, 1, 71.61, 'Voluptatum ullam nemo maiores dicta.', 3, '{\"reaction\": \"odit\"}', 30, 182),
('2024-11-24 03:48:36', 0, 0, 51.21, 'Tempora quia neque non repudiandae ea possimus et in.', 5, '{\"reaction\": \"modi\"}', 47, 129),
('2025-01-07 11:25:16', 0, 1, 84.92, 'Ullam quas blanditiis ipsum nobis atque atque tempora.', 2, '{\"reaction\": \"praesentium\"}', 10, 6),
('2025-01-11 08:12:31', 0, 1, 65.02, 'Illo sit dolorem praesentium tempora delectus est quidem.', 3, '{\"reaction\": \"voluptate\"}', 34, 193),
('2024-12-04 10:57:25', 0, 1, 67.68, 'Magnam sit delectus accusamus dolorem dignissimos quisquam.', 2, '{\"reaction\": \"dignissimos\"}', 39, 161),
('2024-11-27 05:00:38', 0, 1, 23.58, 'Sit nobis nesciunt porro ut.', 2, '{\"reaction\": \"repellendus\"}', 37, 130),
('2024-12-21 15:33:49', 1, 1, 89.14, 'Dolorem commodi soluta aperiam illo aspernatur quia.', 1, '{\"reaction\": \"voluptas\"}', 38, 27),
('2024-12-21 23:56:40', 1, 0, 21.52, 'Voluptatem unde porro voluptate vero sunt esse.', 4, '{\"reaction\": \"quod\"}', 37, 87),
('2024-12-23 15:45:45', 0, 1, 87.45, 'Aliquam ratione quos veniam occaecati inventore esse.', 4, '{\"reaction\": \"enim\"}', 1, 72),
('2024-12-21 02:08:28', 1, 1, 13.78, 'Accusamus ut laudantium harum rerum dolorem.', 4, '{\"reaction\": \"reprehenderit\"}', 37, 91),
('2024-11-29 23:35:16', 0, 1, 91.41, 'Expedita maxime fugiat ex corrupti tempora dicta.', 2, '{\"reaction\": \"explicabo\"}', 24, 171),
('2025-01-10 08:26:28', 0, 0, 20.83, 'Nihil iure necessitatibus repudiandae.', 2, '{\"reaction\": \"facilis\"}', 26, 105),
('2025-01-11 20:49:50', 0, 1, 42.43, 'Facilis sit itaque magnam nostrum.', 2, '{\"reaction\": \"deserunt\"}', 20, 34),
('2024-12-20 17:33:43', 1, 0, 15.87, 'Quia vitae neque voluptas at.', 4, '{\"reaction\": \"quidem\"}', 43, 170),
('2024-11-25 14:15:10', 1, 0, 88.65, 'Et quod pariatur quas qui autem placeat aut.', 5, '{\"reaction\": \"et\"}', 34, 6),
('2024-12-18 04:59:08', 0, 0, 36.88, 'Non facere ut totam ut.', 4, '{\"reaction\": \"voluptas\"}', 44, 116),
('2024-11-21 17:51:47', 1, 0, 53.45, 'Ea error ratione veritatis voluptates officiis illum.', 5, '{\"reaction\": \"consectetur\"}', 39, 165),
('2024-11-18 02:57:11', 1, 1, 74.87, 'Optio modi deleniti beatae temporibus.', 5, '{\"reaction\": \"beatae\"}', 30, 22),
('2024-12-13 11:13:08', 0, 0, 37.84, 'Et aspernatur et magni mollitia sunt.', 3, '{\"reaction\": \"et\"}', 37, 130),
('2024-12-20 08:41:30', 1, 0, 93.21, 'Eos soluta dolor culpa eum iusto minima.', 1, '{\"reaction\": \"unde\"}', 8, 23),
('2024-12-11 08:38:00', 1, 0, 38.94, 'Quidem sint nobis doloremque dolor.', 1, '{\"reaction\": \"veniam\"}', 39, 108),
('2024-12-18 22:11:47', 1, 0, 45.08, 'Qui quia itaque sint eaque itaque et.', 1, '{\"reaction\": \"qui\"}', 44, 124),
('2024-11-26 05:44:43', 0, 0, 85.74, 'Aut repellendus qui et officiis eos consequatur.', 3, '{\"reaction\": \"et\"}', 37, 140),
('2024-12-16 04:26:47', 1, 0, 45.1, 'Id iste asperiores et blanditiis.', 2, '{\"reaction\": \"ut\"}', 22, 185),
('2024-12-06 01:30:22', 1, 1, 75.49, 'Odio at quia quasi cum ratione.', 2, '{\"reaction\": \"architecto\"}', 11, 135),
('2024-11-21 10:27:28', 0, 0, 31.67, 'Ut expedita incidunt quo rerum.', 3, '{\"reaction\": \"et\"}', 16, 100),
('2024-12-03 07:13:27', 0, 1, 19.12, 'Suscipit sapiente corporis voluptatem qui.', 5, '{\"reaction\": \"quidem\"}', 26, 189),
('2024-12-24 01:03:08', 0, 1, 29.82, 'Error nulla consequatur molestias eaque iste eaque quis.', 4, '{\"reaction\": \"aut\"}', 10, 38),
('2024-11-22 06:16:11', 1, 1, 10.25, 'In id delectus voluptates.', 4, '{\"reaction\": \"asperiores\"}', 41, 157),
('2024-12-23 00:58:00', 1, 0, 53.93, 'Dolor sed nihil eligendi velit voluptate illo.', 3, '{\"reaction\": \"est\"}', 6, 88),
('2024-12-08 23:15:59', 0, 1, 24.42, 'Ex ea quo quia eum omnis eos labore.', 2, '{\"reaction\": \"dolorem\"}', 46, 117),
('2024-12-08 12:11:19', 1, 0, 47.51, 'Et doloremque enim aspernatur ex culpa aut ut est.', 4, '{\"reaction\": \"aspernatur\"}', 24, 100),
('2024-11-23 00:30:37', 1, 1, 10.07, 'Omnis sit consectetur nihil voluptatem vel amet.', 4, '{\"reaction\": \"sequi\"}', 16, 195),
('2025-01-02 00:22:53', 1, 0, 52.51, 'Facere iste sunt occaecati laborum vero hic.', 1, '{\"reaction\": \"tempora\"}', 17, 111),
('2024-11-23 12:17:16', 0, 1, 80.05, 'Et saepe minima quos.', 5, '{\"reaction\": \"dolor\"}', 42, 11),
('2024-12-23 02:51:56', 0, 0, 71.05, 'Ad est accusamus nemo ut velit modi enim.', 2, '{\"reaction\": \"voluptas\"}', 17, 41),
('2024-12-04 11:57:40', 1, 1, 43.97, 'Labore sed ullam pariatur qui nisi ut et.', 1, '{\"reaction\": \"minima\"}', 23, 24),
('2024-11-22 05:55:18', 1, 0, 45.47, 'Eius vel tempore quo et eum.', 1, '{\"reaction\": \"commodi\"}', 14, 119),
('2024-12-02 16:19:42', 0, 1, 50.66, 'Magnam modi laborum pariatur consectetur eos repellat repudiandae.', 5, '{\"reaction\": \"repudiandae\"}', 30, 124),
('2024-11-23 12:08:16', 0, 0, 58.98, 'Odit quis officia repellendus sequi nihil.', 1, '{\"reaction\": \"in\"}', 25, 83),
('2024-12-15 15:15:09', 1, 0, 98.31, 'Hic quisquam perferendis libero recusandae.', 2, '{\"reaction\": \"at\"}', 13, 194),
('2024-11-16 19:43:37', 1, 0, 71.92, 'Et nisi perspiciatis vero mollitia iure aut.', 1, '{\"reaction\": \"autem\"}', 32, 96),
('2024-12-15 05:12:47', 1, 0, 58.45, 'Debitis veniam aut tenetur nobis.', 2, '{\"reaction\": \"maxime\"}', 39, 55),
('2024-12-20 15:52:39', 0, 0, 98.47, 'Neque distinctio molestiae fugit alias totam reprehenderit.', 1, '{\"reaction\": \"et\"}', 39, 163),
('2024-12-08 05:57:26', 0, 0, 80.27, 'Ut ut ipsum eum vel soluta perferendis.', 4, '{\"reaction\": \"autem\"}', 19, 176),
('2024-12-04 14:53:10', 1, 0, 46.05, 'Vero consectetur incidunt laborum dolorem.', 3, '{\"reaction\": \"ut\"}', 40, 24),
('2024-11-16 21:07:01', 0, 1, 81.47, 'Consectetur dolor qui ad vero.', 2, '{\"reaction\": \"distinctio\"}', 3, 196),
('2024-11-27 19:50:10', 0, 0, 36.76, 'Rerum vel quia voluptatibus voluptatem.', 4, '{\"reaction\": \"ea\"}', 13, 15),
('2025-01-05 21:33:30', 0, 1, 37.57, 'Quod esse mollitia minima quia eos non.', 2, '{\"reaction\": \"voluptatem\"}', 26, 112),
('2024-12-04 22:24:08', 0, 0, 31.93, 'Recusandae explicabo rem error aut nostrum.', 5, '{\"reaction\": \"eius\"}', 9, 97),
('2025-01-15 14:52:47', 0, 0, 58.61, 'Laudantium soluta quos facere beatae et harum magnam.', 5, '{\"reaction\": \"corporis\"}', 9, 35),
('2024-12-16 06:59:59', 1, 1, 71.34, 'Magni magni ipsam occaecati vitae occaecati eaque deserunt.', 4, '{\"reaction\": \"minima\"}', 46, 13),
('2025-01-02 22:31:55', 1, 0, 89.41, 'Voluptatem similique eum alias quia totam cum nobis.', 5, '{\"reaction\": \"sed\"}', 11, 150),
('2024-12-11 15:50:56', 1, 0, 14.41, 'Omnis voluptatem culpa sint.', 4, '{\"reaction\": \"illo\"}', 36, 66),
('2025-01-08 16:38:29', 1, 0, 42.64, 'Dolore officiis eveniet temporibus facere minus soluta et harum.', 5, '{\"reaction\": \"recusandae\"}', 20, 11),
('2024-12-05 11:59:33', 0, 1, 88.29, 'Et a dignissimos quos veritatis qui ratione.', 4, '{\"reaction\": \"facere\"}', 50, 23),
('2024-12-05 11:27:24', 1, 1, 91.3, 'At natus doloremque dolor et vel.', 2, '{\"reaction\": \"quo\"}', 26, 41),
('2024-12-16 03:41:43', 1, 0, 88.04, 'Qui similique debitis id ut illo ex voluptatem labore.', 3, '{\"reaction\": \"velit\"}', 8, 54),
('2025-01-02 01:07:01', 1, 0, 62.42, 'Nemo dolorem illo quibusdam numquam.', 1, '{\"reaction\": \"rem\"}', 25, 139),
('2024-12-27 06:24:55', 1, 1, 19.04, 'Aut autem optio explicabo quia.', 4, '{\"reaction\": \"praesentium\"}', 25, 172),
('2024-12-21 08:10:41', 1, 1, 69.68, 'Dolores est laborum ipsa aut.', 2, '{\"reaction\": \"non\"}', 32, 140),
('2024-12-16 19:30:46', 1, 1, 80.11, 'Hic laudantium beatae occaecati porro vel velit rerum.', 2, '{\"reaction\": \"molestiae\"}', 17, 18),
('2024-11-28 10:56:07', 0, 0, 75.48, 'Et ipsum possimus rerum cupiditate et.', 4, '{\"reaction\": \"animi\"}', 47, 15),
('2024-12-21 20:15:34', 1, 0, 51.44, 'Nihil a et dolorem ut tempora.', 1, '{\"reaction\": \"quis\"}', 24, 125),
('2024-12-17 14:27:42', 1, 1, 66.38, 'Necessitatibus quas quia qui dignissimos vel ea sapiente.', 2, '{\"reaction\": \"pariatur\"}', 19, 197),
('2025-01-09 14:52:50', 1, 0, 69.01, 'Iure pariatur pariatur aut laboriosam.', 2, '{\"reaction\": \"commodi\"}', 7, 115),
('2025-01-15 18:47:07', 1, 0, 84.09, 'Architecto molestias sit sequi.', 4, '{\"reaction\": \"quo\"}', 38, 95),
('2024-12-14 00:53:35', 1, 0, 58.73, 'Velit odit est voluptatem.', 3, '{\"reaction\": \"sit\"}', 39, 121),
('2024-12-17 20:27:17', 1, 1, 85.42, 'Suscipit fugiat eum molestiae reprehenderit harum non qui quis.', 4, '{\"reaction\": \"fugit\"}', 36, 195),
('2025-01-06 23:40:21', 0, 1, 21.83, 'At quo atque perspiciatis.', 4, '{\"reaction\": \"sed\"}', 30, 92),
('2024-12-23 10:42:42', 1, 1, 17.92, 'Eaque impedit laudantium rerum sit qui repellat.', 2, '{\"reaction\": \"tempora\"}', 47, 43),
('2024-11-19 19:55:09', 0, 1, 31.91, 'Deleniti eaque quos cum saepe ab.', 3, '{\"reaction\": \"et\"}', 2, 129),
('2025-01-05 04:48:00', 1, 0, 14.85, 'Ea et neque facilis consequatur repellat incidunt sint.', 3, '{\"reaction\": \"officiis\"}', 29, 18),
('2024-12-03 06:21:28', 0, 1, 30.56, 'Cumque perferendis qui dignissimos quos.', 4, '{\"reaction\": \"occaecati\"}', 32, 122),
('2025-01-06 03:39:12', 1, 0, 89.98, 'Voluptas ut deleniti sit dolorum voluptatem est asperiores odit.', 1, '{\"reaction\": \"similique\"}', 11, 78),
('2024-11-29 22:10:22', 1, 1, 97.41, 'Voluptatibus sunt sapiente non nihil eveniet id ab sapiente.', 1, '{\"reaction\": \"voluptas\"}', 9, 76),
('2024-12-21 06:01:12', 1, 1, 21.6, 'Omnis pariatur dolor quis autem voluptas mollitia.', 5, '{\"reaction\": \"rem\"}', 29, 189),
('2024-11-22 12:39:21', 1, 0, 12.31, 'Vitae quos illo possimus et.', 4, '{\"reaction\": \"animi\"}', 10, 63),
('2024-11-25 07:38:27', 0, 1, 40.21, 'Iure ut et necessitatibus cumque autem.', 4, '{\"reaction\": \"magni\"}', 44, 31),
('2024-12-13 19:27:33', 1, 0, 14.94, 'Quia dolorem accusamus et reiciendis sequi.', 5, '{\"reaction\": \"vel\"}', 13, 150),
('2024-11-30 21:52:57', 1, 1, 90.18, 'Non error blanditiis officiis velit consequatur eum.', 1, '{\"reaction\": \"delectus\"}', 6, 156),
('2024-12-22 11:19:27', 0, 1, 58.67, 'Eveniet dolor sit sapiente commodi.', 3, '{\"reaction\": \"enim\"}', 35, 111),
('2024-11-23 20:01:47', 0, 1, 33.96, 'Nostrum in doloribus ipsum.', 1, '{\"reaction\": \"suscipit\"}', 19, 128),
('2025-01-15 11:53:53', 1, 0, 22.13, 'Ad culpa illum molestias est est.', 2, '{\"reaction\": \"dignissimos\"}', 35, 116),
('2024-12-28 16:00:36', 1, 1, 25.54, 'Inventore rerum nihil tempora aliquam sunt saepe quo.', 2, '{\"reaction\": \"praesentium\"}', 9, 38),
('2024-12-31 02:28:44', 0, 1, 44.46, 'Consequatur consequatur est sit laudantium suscipit.', 4, '{\"reaction\": \"fuga\"}', 28, 180),
('2024-11-23 15:49:37', 0, 0, 19.67, 'Sed aut et a distinctio neque cumque reiciendis.', 3, '{\"reaction\": \"iusto\"}', 50, 3),
('2024-11-29 02:59:15', 0, 1, 31.03, 'Expedita porro animi temporibus dolore minus molestiae dolorem.', 4, '{\"reaction\": \"culpa\"}', 47, 146),
('2024-12-10 13:09:53', 0, 1, 93.99, 'Distinctio perspiciatis consequuntur sed sapiente.', 2, '{\"reaction\": \"nisi\"}', 12, 131),
('2024-12-29 05:28:29', 0, 0, 32.92, 'Dolor ut laborum earum consectetur.', 4, '{\"reaction\": \"et\"}', 23, 69),
('2024-12-01 13:55:09', 0, 1, 63.93, 'Quasi sapiente nihil earum dolore atque natus explicabo.', 2, '{\"reaction\": \"et\"}', 10, 171),
('2024-12-10 14:18:54', 0, 1, 39.86, 'Provident nulla et amet.', 3, '{\"reaction\": \"sapiente\"}', 5, 187),
('2024-11-22 04:47:55', 1, 0, 45.84, 'Cum rerum quia quasi.', 2, '{\"reaction\": \"quod\"}', 33, 128),
('2024-12-11 10:58:51', 1, 0, 37.11, 'Ut sed quia mollitia et.', 3, '{\"reaction\": \"qui\"}', 5, 188),
('2025-01-12 17:23:40', 1, 1, 88.94, 'Eaque cum saepe iure ut esse.', 5, '{\"reaction\": \"ab\"}', 46, 83),
('2024-12-08 07:26:27', 0, 0, 63.34, 'Tempore dignissimos architecto rerum ea nemo assumenda.', 2, '{\"reaction\": \"ut\"}', 35, 171),
('2025-01-16 04:03:00', 0, 0, 26.99, 'Et minima voluptatem nemo facere porro.', 5, '{\"reaction\": \"nostrum\"}', 29, 21),
('2024-11-28 08:30:42', 1, 0, 44.3, 'Dolores iusto temporibus commodi doloremque temporibus similique sunt.', 3, '{\"reaction\": \"et\"}', 44, 120),
('2024-12-18 12:34:52', 0, 1, 87.91, 'Iste reiciendis aut laudantium laborum ut.', 1, '{\"reaction\": \"earum\"}', 7, 87),
('2024-12-10 08:16:26', 0, 0, 19.45, 'Modi aliquam aspernatur quaerat non.', 4, '{\"reaction\": \"iure\"}', 10, 184),
('2024-12-05 20:42:46', 1, 1, 46.8, 'Eligendi ut adipisci et porro dolore.', 2, '{\"reaction\": \"ipsam\"}', 35, 75),
('2024-11-17 19:21:16', 0, 0, 20.03, 'Odit in cupiditate quia officia numquam.', 3, '{\"reaction\": \"in\"}', 37, 188),
('2024-12-31 11:13:10', 1, 1, 59.43, 'Aut ex officiis quaerat et.', 3, '{\"reaction\": \"quo\"}', 1, 11),
('2025-01-09 20:58:08', 0, 0, 59.86, 'Quidem voluptates dolor animi eos ipsum.', 5, '{\"reaction\": \"exercitationem\"}', 19, 152),
('2024-12-31 08:34:11', 1, 0, 66.85, 'Alias sed beatae pariatur porro qui.', 3, '{\"reaction\": \"totam\"}', 2, 138),
('2024-11-26 10:48:20', 0, 1, 75.52, 'Asperiores in inventore perferendis cum.', 1, '{\"reaction\": \"inventore\"}', 41, 29),
('2024-12-03 01:15:05', 0, 1, 47.15, 'Ut voluptate et eaque.', 4, '{\"reaction\": \"dolores\"}', 13, 113),
('2024-12-13 19:15:15', 1, 0, 88.55, 'Voluptate omnis molestiae aperiam maiores qui consequatur.', 2, '{\"reaction\": \"quia\"}', 29, 29),
('2024-12-16 03:13:54', 1, 0, 61.08, 'Sequi sunt incidunt nemo dolores id consequuntur quasi.', 5, '{\"reaction\": \"ut\"}', 18, 179),
('2024-12-14 08:10:20', 1, 1, 44.13, 'Aspernatur iste in id nihil.', 2, '{\"reaction\": \"ut\"}', 50, 25),
('2024-12-19 05:36:16', 0, 0, 45.8, 'Natus quae dolore nobis autem tempora aut.', 5, '{\"reaction\": \"atque\"}', 32, 140),
('2024-12-02 00:36:04', 0, 0, 79.05, 'Atque quia modi aut iusto.', 2, '{\"reaction\": \"adipisci\"}', 18, 148),
('2024-12-24 16:09:15', 0, 1, 57.65, 'Maiores et voluptatem magni.', 3, '{\"reaction\": \"nobis\"}', 44, 131),
('2024-12-22 23:49:35', 0, 1, 96.32, 'Sed et quidem vel et.', 5, '{\"reaction\": \"cupiditate\"}', 11, 52),
('2025-01-08 10:26:53', 0, 1, 99.2, 'Alias ut architecto maiores.', 1, '{\"reaction\": \"ipsam\"}', 30, 162),
('2024-11-19 00:58:58', 1, 1, 26.95, 'Molestiae iusto sed sapiente aut omnis.', 1, '{\"reaction\": \"aut\"}', 24, 8),
('2024-12-10 01:59:12', 0, 0, 44.52, 'Dolor ratione sint quisquam fuga velit consequatur quasi quas.', 3, '{\"reaction\": \"ipsam\"}', 34, 18),
('2024-11-26 03:20:26', 1, 1, 57.69, 'Quia molestias qui rem.', 2, '{\"reaction\": \"blanditiis\"}', 39, 135),
('2024-12-30 06:53:45', 0, 0, 66.52, 'Enim hic distinctio aut dolore dolorum qui.', 3, '{\"reaction\": \"quo\"}', 25, 52),
('2024-12-02 15:08:03', 0, 1, 60.58, 'Voluptates enim nam illo.', 1, '{\"reaction\": \"libero\"}', 34, 47),
('2024-12-21 03:42:55', 0, 1, 16.68, 'Non eaque labore ducimus nobis eum neque fugiat.', 4, '{\"reaction\": \"consequatur\"}', 23, 46),
('2025-01-02 20:53:15', 0, 0, 78.18, 'Laborum ut inventore vel possimus nulla atque ratione.', 1, '{\"reaction\": \"quisquam\"}', 19, 120),
('2024-11-23 05:39:24', 1, 0, 32.32, 'Autem itaque dolores amet exercitationem.', 3, '{\"reaction\": \"nemo\"}', 30, 25),
('2024-12-31 11:05:12', 1, 1, 93.73, 'Aut et dolorem aut quas asperiores id blanditiis.', 2, '{\"reaction\": \"culpa\"}', 21, 74),
('2024-12-18 13:35:47', 1, 0, 20.69, 'Adipisci nulla consequatur error harum autem molestiae nesciunt laboriosam.', 3, '{\"reaction\": \"velit\"}', 32, 132),
('2024-12-23 20:46:28', 1, 1, 86.79, 'Maiores tenetur nihil et a.', 3, '{\"reaction\": \"exercitationem\"}', 40, 80),
('2024-12-14 05:37:47', 0, 0, 97.26, 'Beatae ut molestiae quasi quia consequatur.', 2, '{\"reaction\": \"voluptas\"}', 40, 197),
('2024-12-14 19:58:01', 0, 1, 35.76, 'Reiciendis quaerat sed et quam ab aliquid adipisci numquam.', 4, '{\"reaction\": \"est\"}', 2, 110),
('2025-01-13 07:19:28', 0, 1, 73.7, 'Eaque eveniet qui ullam nemo fugiat.', 2, '{\"reaction\": \"et\"}', 16, 14),
('2024-12-22 17:32:47', 1, 0, 38.59, 'Minus voluptatum rerum sunt unde.', 5, '{\"reaction\": \"eum\"}', 47, 166),
('2024-12-07 15:03:57', 0, 0, 93.23, 'Non quia placeat expedita cum sit eligendi.', 1, '{\"reaction\": \"iusto\"}', 2, 90),
('2024-12-28 18:58:53', 0, 0, 73.33, 'Nihil quisquam aspernatur et natus officiis vel sunt.', 1, '{\"reaction\": \"nihil\"}', 15, 97),
('2025-01-02 00:40:45', 1, 1, 91.76, 'Necessitatibus distinctio non quisquam eum quis voluptatem.', 5, '{\"reaction\": \"ut\"}', 26, 62),
('2024-12-07 20:14:49', 0, 1, 32.29, 'Accusamus et et totam pariatur iure odio sunt.', 3, '{\"reaction\": \"beatae\"}', 34, 88),
('2024-12-10 01:11:23', 0, 0, 10.44, 'Id occaecati aut eos et quos quo magnam ea.', 2, '{\"reaction\": \"pariatur\"}', 7, 58),
('2024-12-11 10:12:19', 0, 1, 92.19, 'Debitis et repudiandae laudantium quia quo reprehenderit.', 4, '{\"reaction\": \"vitae\"}', 35, 168),
('2025-01-11 04:11:52', 0, 0, 96.04, 'Molestiae doloribus possimus quia aspernatur alias omnis.', 3, '{\"reaction\": \"debitis\"}', 26, 32),
('2024-11-20 00:18:22', 1, 1, 84.99, 'Quam officiis recusandae sit illo omnis voluptatum quo.', 4, '{\"reaction\": \"at\"}', 31, 172),
('2024-12-13 09:19:33', 0, 1, 36.09, 'Facilis est voluptate aperiam.', 5, '{\"reaction\": \"dignissimos\"}', 26, 145),
('2025-01-04 21:50:06', 0, 1, 64.52, 'Veniam in ut sed molestiae molestiae neque numquam eum.', 4, '{\"reaction\": \"temporibus\"}', 39, 179),
('2024-12-13 20:11:10', 1, 1, 88.05, 'Dicta sunt nam non.', 5, '{\"reaction\": \"dolor\"}', 40, 149),
('2024-12-20 15:33:05', 0, 0, 10.68, 'Nihil ipsam dolores in sunt est rerum optio.', 3, '{\"reaction\": \"modi\"}', 39, 2),
('2024-12-04 23:19:20', 0, 1, 66.4, 'Animi odit officia tenetur inventore magni cupiditate quisquam et.', 4, '{\"reaction\": \"quo\"}', 10, 117),
('2024-12-31 20:39:32', 0, 1, 98.96, 'Totam id et suscipit numquam officiis.', 5, '{\"reaction\": \"nemo\"}', 30, 62),
('2024-12-19 15:14:43', 1, 0, 57.53, 'Architecto molestiae aperiam fuga error nostrum.', 3, '{\"reaction\": \"rerum\"}', 32, 21),
('2024-12-07 17:47:03', 0, 0, 95.29, 'Quia nisi earum beatae necessitatibus qui ducimus nemo consequuntur.', 3, '{\"reaction\": \"architecto\"}', 8, 159),
('2025-01-01 18:46:26', 1, 0, 62.03, 'Sit repellendus saepe omnis illo tempora vel sed in.', 5, '{\"reaction\": \"molestias\"}', 33, 40),
('2024-12-14 20:39:33', 0, 0, 68.34, 'Odio quaerat dolor autem non ipsam veniam.', 2, '{\"reaction\": \"expedita\"}', 47, 107),
('2024-12-02 16:22:09', 1, 1, 44.08, 'Nemo harum quis sint praesentium.', 2, '{\"reaction\": \"eum\"}', 44, 9),
('2024-12-19 01:01:22', 1, 1, 75.21, 'Et numquam aut fugit voluptatem et neque earum autem.', 3, '{\"reaction\": \"quibusdam\"}', 21, 157),
('2025-01-02 08:46:30', 1, 1, 83.07, 'Laborum ab reprehenderit aliquid accusamus.', 2, '{\"reaction\": \"eum\"}', 14, 133),
('2024-12-19 16:56:42', 0, 0, 19.05, 'Laudantium doloremque est et ea eligendi voluptas eos quia.', 3, '{\"reaction\": \"sapiente\"}', 44, 1),
('2024-12-03 20:18:27', 0, 0, 18.12, 'Est molestiae nam expedita perferendis dolores facilis accusantium.', 4, '{\"reaction\": \"maxime\"}', 35, 56),
('2024-11-26 13:01:16', 0, 0, 29.64, 'Iste repellendus sunt quae magni labore.', 4, '{\"reaction\": \"minima\"}', 36, 105),
('2025-01-08 03:45:13', 0, 1, 44.06, 'Dignissimos in repellat sapiente eum officiis architecto.', 5, '{\"reaction\": \"nihil\"}', 29, 42),
('2025-01-13 04:46:40', 0, 1, 82.98, 'Corrupti accusantium dicta aperiam iusto voluptatem qui at.', 5, '{\"reaction\": \"debitis\"}', 28, 151),
('2024-12-28 18:53:42', 1, 0, 43.42, 'Iste iure provident sed qui nulla et.', 5, '{\"reaction\": \"quidem\"}', 20, 74),
('2024-11-18 00:45:33', 0, 0, 73.91, 'Eveniet voluptatem autem quia sunt totam aut in.', 3, '{\"reaction\": \"dicta\"}', 50, 80),
('2024-12-26 15:58:30', 0, 0, 34.88, 'Dicta at qui voluptatem et.', 1, '{\"reaction\": \"minus\"}', 40, 79),
('2025-01-04 13:39:25', 1, 1, 33.66, 'Quae voluptatem est et quia et explicabo placeat illum.', 5, '{\"reaction\": \"rerum\"}', 30, 151),
('2024-11-23 02:11:13', 0, 0, 48.42, 'Dolorum rerum quisquam id unde alias odit eos.', 4, '{\"reaction\": \"dolorum\"}', 42, 118),
('2024-12-16 19:57:48', 1, 0, 85.14, 'Fugiat amet nobis consequatur rerum quis et.', 2, '{\"reaction\": \"incidunt\"}', 38, 132),
('2024-12-08 19:17:02', 0, 0, 39.55, 'Quia aperiam quisquam itaque et asperiores.', 2, '{\"reaction\": \"itaque\"}', 12, 77),
('2024-12-29 02:45:39', 1, 1, 88.62, 'Qui hic nam alias est modi.', 2, '{\"reaction\": \"sed\"}', 15, 84),
('2024-11-29 07:14:06', 0, 0, 70.88, 'Voluptatem sunt vitae sunt.', 3, '{\"reaction\": \"exercitationem\"}', 25, 145),
('2024-12-08 00:02:04', 0, 1, 71.29, 'Ab illo excepturi aut illo.', 2, '{\"reaction\": \"aliquid\"}', 1, 57),
('2024-12-27 22:37:16', 1, 1, 24.7, 'Sed eius architecto unde non.', 1, '{\"reaction\": \"voluptatum\"}', 32, 142),
('2024-11-27 12:39:43', 1, 1, 75.86, 'Qui vel earum reiciendis ratione.', 5, '{\"reaction\": \"odit\"}', 12, 51),
('2024-11-23 20:13:58', 0, 1, 66.31, 'Similique aut rerum qui velit saepe.', 1, '{\"reaction\": \"voluptates\"}', 46, 53),
('2024-12-04 09:05:57', 1, 1, 57.24, 'Nemo eum magnam corrupti aut alias mollitia.', 2, '{\"reaction\": \"quo\"}', 24, 47),
('2024-12-24 14:25:51', 0, 1, 83.08, 'Excepturi dolores reprehenderit distinctio earum nihil quos consequatur omnis.', 2, '{\"reaction\": \"sed\"}', 49, 13),
('2024-12-21 16:42:08', 0, 0, 11.78, 'Perspiciatis tempore necessitatibus officiis voluptas et.', 2, '{\"reaction\": \"corporis\"}', 28, 133),
('2024-12-25 18:20:59', 1, 1, 24.23, 'Sed vitae illo occaecati.', 4, '{\"reaction\": \"perspiciatis\"}', 22, 135),
('2025-01-01 00:09:46', 1, 1, 64.58, 'Ut facilis explicabo iure blanditiis accusantium veniam pariatur esse.', 4, '{\"reaction\": \"illo\"}', 25, 188),
('2024-11-24 23:56:21', 0, 1, 97.96, 'Eius est dolorem dolores ipsam odit.', 2, '{\"reaction\": \"ipsam\"}', 20, 165),
('2025-01-06 21:51:40', 1, 1, 51.27, 'Aut ut officia et consequatur.', 3, '{\"reaction\": \"itaque\"}', 41, 143),
('2024-12-10 13:37:43', 1, 0, 99.68, 'Qui est assumenda et doloribus excepturi.', 1, '{\"reaction\": \"quas\"}', 41, 50),
('2024-12-21 19:20:45', 1, 0, 44.5, 'Beatae deleniti laboriosam voluptate ab ea rem nobis.', 3, '{\"reaction\": \"sit\"}', 11, 54),
('2025-01-11 08:21:31', 1, 0, 19.56, 'Sed est aliquam itaque optio quasi quo animi.', 5, '{\"reaction\": \"velit\"}', 2, 66),
('2024-12-28 11:02:29', 1, 1, 55.97, 'Cupiditate recusandae necessitatibus consequatur rerum veniam at.', 1, '{\"reaction\": \"eius\"}', 45, 182),
('2025-01-08 17:47:12', 1, 0, 91.41, 'Rerum ut quos voluptatem ea sunt minima officiis.', 1, '{\"reaction\": \"qui\"}', 11, 83),
('2024-12-29 22:58:20', 0, 0, 70.01, 'Consequatur sit quia est ab.', 2, '{\"reaction\": \"qui\"}', 9, 169),
('2024-11-30 10:00:20', 0, 0, 37.34, 'Aut sunt est eos maiores quas impedit et.', 2, '{\"reaction\": \"rem\"}', 38, 199),
('2024-11-24 12:39:45', 1, 1, 36.06, 'Pariatur rem quo et nam.', 5, '{\"reaction\": \"est\"}', 47, 166),
('2024-12-27 16:05:54', 1, 0, 54.64, 'Est sequi voluptas vel ullam pariatur sit enim.', 1, '{\"reaction\": \"quisquam\"}', 3, 114),
('2024-12-14 02:59:47', 0, 0, 90.51, 'Consequuntur numquam nam harum assumenda fugiat.', 3, '{\"reaction\": \"cupiditate\"}', 21, 90),
('2024-12-19 23:18:05', 0, 0, 78.63, 'Et aut dolorem et similique et iste natus.', 3, '{\"reaction\": \"at\"}', 29, 47),
('2025-01-02 04:52:00', 0, 1, 25.35, 'Vitae recusandae blanditiis aut rerum aliquam.', 4, '{\"reaction\": \"eius\"}', 40, 114),
('2025-01-09 20:15:22', 0, 1, 82.93, 'Necessitatibus aut a illum earum illo adipisci suscipit.', 1, '{\"reaction\": \"voluptatem\"}', 6, 141),
('2024-11-24 07:40:17', 1, 1, 31.17, 'Labore modi aut error impedit consectetur deleniti et.', 3, '{\"reaction\": \"id\"}', 4, 199),
('2025-01-01 04:25:12', 1, 1, 43.16, 'Amet tempora soluta nulla quia ea autem dolore.', 4, '{\"reaction\": \"tempora\"}', 4, 11),
('2025-01-14 16:13:39', 0, 1, 98.74, 'Quis molestiae quo qui cum soluta.', 5, '{\"reaction\": \"minus\"}', 25, 9),
('2024-12-03 03:44:58', 0, 1, 85.88, 'Et provident omnis suscipit voluptates esse.', 4, '{\"reaction\": \"qui\"}', 38, 85),
('2025-01-15 14:25:34', 0, 1, 70.47, 'Necessitatibus aliquam temporibus aliquam dolores ab eum velit mollitia.', 3, '{\"reaction\": \"iusto\"}', 9, 64),
('2024-12-04 12:08:21', 0, 1, 93.84, 'Laudantium nesciunt sequi enim maxime velit ducimus optio.', 3, '{\"reaction\": \"quas\"}', 7, 5),
('2024-12-29 09:41:38', 1, 1, 65.1, 'Non aut accusantium placeat atque dolorem hic.', 4, '{\"reaction\": \"minus\"}', 15, 124),
('2025-01-12 20:36:15', 1, 1, 33.87, 'Illo eum expedita consequatur explicabo iure qui qui.', 2, '{\"reaction\": \"non\"}', 4, 3),
('2024-12-22 03:18:43', 1, 0, 70.08, 'Nihil sit a qui repellendus.', 1, '{\"reaction\": \"voluptas\"}', 38, 101),
('2025-01-14 15:51:03', 0, 0, 69.41, 'Necessitatibus alias quia adipisci aspernatur ut.', 4, '{\"reaction\": \"fugiat\"}', 2, 182),
('2025-01-03 15:48:33', 0, 1, 73.42, 'Non perferendis similique porro quia omnis sint.', 3, '{\"reaction\": \"quae\"}', 23, 22),
('2025-01-11 19:28:48', 1, 1, 81.52, 'Qui neque magnam aut quod deserunt sequi.', 4, '{\"reaction\": \"quae\"}', 10, 110),
('2025-01-04 13:25:06', 1, 1, 45.86, 'Aliquid quis nesciunt sapiente corrupti perferendis quisquam.', 5, '{\"reaction\": \"accusantium\"}', 24, 94),
('2024-11-24 13:36:54', 1, 1, 13.65, 'Exercitationem aliquid est quidem consequatur.', 4, '{\"reaction\": \"ex\"}', 25, 34),
('2024-11-27 03:14:58', 0, 1, 76.78, 'Aliquid aliquam aut nulla ut.', 3, '{\"reaction\": \"in\"}', 31, 13),
('2024-11-19 23:04:05', 0, 0, 33.5, 'Nostrum deleniti enim velit nisi harum.', 3, '{\"reaction\": \"assumenda\"}', 31, 188),
('2024-12-06 00:28:36', 0, 0, 20.25, 'Reprehenderit sunt recusandae dolor cum.', 1, '{\"reaction\": \"rerum\"}', 48, 8),
('2025-01-07 22:46:06', 1, 0, 96.08, 'Delectus iusto est sed nihil similique.', 3, '{\"reaction\": \"culpa\"}', 34, 177),
('2024-12-14 10:16:37', 0, 0, 76.62, 'Aut adipisci qui nemo deleniti vero.', 2, '{\"reaction\": \"accusamus\"}', 39, 19),
('2024-12-25 16:30:36', 0, 0, 51.17, 'Autem corporis facilis quia omnis et deserunt.', 1, '{\"reaction\": \"deserunt\"}', 13, 45),
('2025-01-11 04:09:35', 1, 0, 10.05, 'Minus quia voluptatem quas ipsum qui qui.', 5, '{\"reaction\": \"ratione\"}', 27, 183),
('2024-11-26 11:31:02', 0, 0, 90.82, 'Saepe consectetur nam ducimus eum.', 4, '{\"reaction\": \"atque\"}', 20, 131),
('2024-12-21 01:32:43', 0, 0, 36.24, 'Neque quae neque iusto ut sit quasi.', 2, '{\"reaction\": \"omnis\"}', 7, 172),
('2025-01-06 08:59:56', 1, 1, 56.71, 'Est vel consequatur aut asperiores non.', 1, '{\"reaction\": \"sit\"}', 3, 168),
('2025-01-09 07:54:59', 0, 0, 61.81, 'Harum dolorem asperiores quidem totam.', 4, '{\"reaction\": \"et\"}', 35, 176),
('2025-01-11 18:43:29', 1, 1, 34.01, 'Cumque quidem magnam assumenda voluptatem unde.', 5, '{\"reaction\": \"autem\"}', 5, 54),
('2024-11-18 03:09:29', 1, 1, 12.15, 'Consequuntur consequatur voluptatum cum nostrum sed odio.', 5, '{\"reaction\": \"et\"}', 11, 74),
('2024-12-26 01:16:54', 0, 0, 35.37, 'Ducimus mollitia modi sit ea dicta qui magni praesentium.', 2, '{\"reaction\": \"maiores\"}', 27, 8),
('2024-12-09 07:37:06', 1, 1, 68.05, 'Corrupti et voluptatem consequatur.', 3, '{\"reaction\": \"assumenda\"}', 12, 28),
('2024-12-02 20:47:31', 1, 1, 30.08, 'Numquam quis iure deserunt possimus commodi eligendi.', 1, '{\"reaction\": \"rem\"}', 48, 158),
('2024-12-08 14:26:10', 1, 0, 36.22, 'Earum vel perspiciatis asperiores adipisci esse rerum dolorem.', 2, '{\"reaction\": \"est\"}', 3, 137),
('2024-11-28 06:14:01', 1, 0, 53.21, 'Veniam nihil ullam ut eum ad.', 4, '{\"reaction\": \"rerum\"}', 1, 107),
('2025-01-15 00:52:40', 1, 0, 50.72, 'Aliquid velit et nobis eos rerum cumque repellat.', 3, '{\"reaction\": \"excepturi\"}', 47, 5),
('2024-12-03 22:42:55', 1, 1, 25.74, 'Nostrum veniam ea quaerat.', 5, '{\"reaction\": \"voluptates\"}', 43, 20),
('2025-01-01 12:50:40', 1, 1, 20.8, 'Qui qui sapiente illum.', 4, '{\"reaction\": \"est\"}', 21, 85),
('2024-12-04 04:14:16', 1, 1, 38.86, 'Provident distinctio repellendus amet quis aut quo.', 4, '{\"reaction\": \"minima\"}', 7, 137),
('2024-11-24 13:51:40', 0, 1, 39.92, 'Quis adipisci cumque pariatur necessitatibus quas praesentium.', 2, '{\"reaction\": \"ducimus\"}', 18, 131),
('2025-01-01 05:30:22', 1, 1, 74.66, 'Distinctio assumenda qui veniam.', 2, '{\"reaction\": \"quo\"}', 1, 60),
('2024-12-19 13:45:30', 0, 0, 21.86, 'Molestiae possimus eum quisquam repellendus id.', 5, '{\"reaction\": \"et\"}', 7, 117),
('2024-12-21 14:54:22', 1, 1, 11.81, 'Rerum quis ipsa sapiente rem nisi eligendi minus sed.', 4, '{\"reaction\": \"est\"}', 10, 28),
('2024-12-27 08:25:39', 0, 0, 41.18, 'Et est quia recusandae harum eum.', 3, '{\"reaction\": \"et\"}', 3, 120),
('2025-01-02 00:45:31', 0, 1, 66.84, 'Nemo autem temporibus molestiae corporis et facere numquam.', 5, '{\"reaction\": \"hic\"}', 50, 192),
('2024-12-20 00:34:24', 1, 0, 34.29, 'Atque nobis voluptate ut.', 3, '{\"reaction\": \"repellendus\"}', 38, 127),
('2024-12-05 02:58:57', 1, 1, 97.47, 'Error veritatis aut perspiciatis quisquam nostrum culpa.', 5, '{\"reaction\": \"sed\"}', 25, 179),
('2024-12-10 02:11:21', 1, 1, 96.83, 'Sed non quo praesentium autem et dolores nobis animi.', 4, '{\"reaction\": \"dolorem\"}', 28, 130),
('2025-01-02 19:53:41', 0, 1, 49.79, 'Illo et repudiandae illo non.', 4, '{\"reaction\": \"beatae\"}', 16, 103),
('2024-11-30 08:48:48', 1, 1, 85.56, 'Delectus nihil praesentium consequatur reiciendis et recusandae id.', 4, '{\"reaction\": \"velit\"}', 6, 145),
('2024-12-27 06:28:49', 1, 1, 42.75, 'Assumenda iste placeat voluptas consequatur voluptatem voluptatum.', 3, '{\"reaction\": \"eius\"}', 2, 56),
('2024-11-20 02:40:26', 1, 0, 99.68, 'Porro consequatur sed ducimus in facere nostrum.', 4, '{\"reaction\": \"fugit\"}', 10, 116),
('2024-11-21 09:39:00', 1, 0, 17.64, 'Fugit consequuntur aut sed reiciendis et tempore ex quo.', 1, '{\"reaction\": \"asperiores\"}', 19, 107),
('2024-12-27 01:01:20', 1, 1, 94.37, 'Tempora voluptas rerum sit dolores ipsa nam et.', 3, '{\"reaction\": \"voluptatum\"}', 18, 119),
('2024-12-06 13:30:47', 0, 1, 40.37, 'Pariatur occaecati ad dolores dolor corrupti architecto unde.', 3, '{\"reaction\": \"qui\"}', 44, 186),
('2025-01-11 15:20:50', 0, 0, 22.11, 'Temporibus autem necessitatibus sint quae reprehenderit placeat.', 2, '{\"reaction\": \"deleniti\"}', 43, 117),
('2024-11-29 20:22:26', 0, 0, 15.53, 'Et dignissimos id ab odit nostrum aspernatur.', 4, '{\"reaction\": \"illo\"}', 26, 180),
('2024-12-30 09:50:01', 1, 1, 79.43, 'Hic voluptatum ab consequuntur ad consequatur incidunt.', 3, '{\"reaction\": \"est\"}', 32, 191),
('2024-12-25 15:00:22', 0, 0, 74.08, 'Rerum ut blanditiis esse dolore provident eligendi assumenda.', 2, '{\"reaction\": \"voluptas\"}', 9, 142),
('2024-12-04 18:17:29', 0, 0, 52.93, 'Quia quia optio odit nostrum modi.', 2, '{\"reaction\": \"aliquid\"}', 48, 112),
('2024-12-04 10:18:36', 0, 1, 60.01, 'Itaque nisi architecto officia at sit et.', 2, '{\"reaction\": \"earum\"}', 9, 194),
('2024-11-21 13:18:48', 1, 1, 13.38, 'Est molestiae molestiae iure nulla labore accusantium adipisci.', 2, '{\"reaction\": \"cupiditate\"}', 8, 193),
('2024-11-17 01:44:17', 0, 1, 48.76, 'Deleniti autem officia dolores omnis molestiae hic id.', 5, '{\"reaction\": \"voluptatem\"}', 1, 110),
('2024-12-20 14:09:43', 1, 0, 74.67, 'Nobis et vero ea dicta et.', 5, '{\"reaction\": \"non\"}', 39, 175),
('2025-01-16 12:23:23', 0, 1, 15.33, 'Quo aut aut ipsam quaerat.', 1, '{\"reaction\": \"facilis\"}', 45, 179),
('2024-11-30 09:24:48', 1, 1, 69.54, 'Recusandae maxime unde libero voluptatem.', 5, '{\"reaction\": \"porro\"}', 34, 147),
('2024-11-23 22:46:04', 1, 0, 71.36, 'Dolores voluptatem perferendis quibusdam blanditiis quia ut voluptatum porro.', 3, '{\"reaction\": \"non\"}', 15, 48),
('2024-12-23 12:06:41', 1, 0, 28.6, 'Eos assumenda dicta numquam cum qui iusto.', 1, '{\"reaction\": \"corporis\"}', 10, 62),
('2024-12-14 14:34:11', 1, 0, 64.65, 'Quidem harum perspiciatis quis aut perspiciatis.', 4, '{\"reaction\": \"nihil\"}', 19, 75),
('2025-01-06 10:11:21', 1, 1, 58.48, 'Non qui assumenda consequatur aspernatur error non.', 4, '{\"reaction\": \"qui\"}', 41, 173),
('2025-01-04 00:13:23', 1, 0, 53.58, 'Accusantium atque blanditiis ea error nemo in consequuntur.', 3, '{\"reaction\": \"omnis\"}', 20, 65),
('2025-01-15 01:56:39', 1, 0, 48.65, 'Et dolore recusandae voluptatem.', 5, '{\"reaction\": \"quos\"}', 39, 76),
('2024-12-08 00:45:33', 0, 0, 52.37, 'Dolorem est dolores ad non qui consequuntur exercitationem.', 4, '{\"reaction\": \"velit\"}', 48, 167),
('2025-01-08 07:49:07', 1, 0, 27.36, 'Voluptas et pariatur omnis perspiciatis tenetur expedita ad aliquid.', 5, '{\"reaction\": \"architecto\"}', 6, 128),
('2024-12-10 16:45:43', 0, 1, 96.05, 'Necessitatibus est aliquam est eligendi illo modi.', 1, '{\"reaction\": \"cum\"}', 10, 197),
('2025-01-10 00:28:01', 1, 0, 72.78, 'Molestiae autem tenetur pariatur earum aut dolore.', 5, '{\"reaction\": \"fugiat\"}', 49, 186),
('2024-12-25 12:53:13', 1, 1, 50.82, 'Qui et sunt sit.', 4, '{\"reaction\": \"veritatis\"}', 26, 96),
('2024-12-03 01:15:49', 0, 1, 14.95, 'Voluptatem ab ea alias dolor.', 4, '{\"reaction\": \"iusto\"}', 47, 8),
('2025-01-10 06:38:46', 0, 1, 52.69, 'Libero dolor qui sit ad vitae.', 1, '{\"reaction\": \"et\"}', 25, 121),
('2024-12-23 19:23:55', 1, 0, 77.78, 'Temporibus cum et qui dolorem et numquam.', 1, '{\"reaction\": \"pariatur\"}', 13, 71),
('2025-01-03 10:01:36', 0, 1, 71.04, 'Illum quis praesentium esse quod.', 4, '{\"reaction\": \"quia\"}', 48, 19),
('2025-01-13 23:20:28', 0, 1, 65.36, 'Inventore qui quisquam soluta aspernatur repudiandae doloribus.', 3, '{\"reaction\": \"id\"}', 33, 139),
('2025-01-09 22:56:21', 0, 1, 17.33, 'Iure dolorem optio soluta ut suscipit perferendis.', 2, '{\"reaction\": \"tempora\"}', 46, 38),
('2025-01-11 19:07:07', 0, 1, 98.34, 'Et eos eum sit praesentium et.', 3, '{\"reaction\": \"accusamus\"}', 21, 106),
('2025-01-03 06:24:44', 0, 1, 13.84, 'Voluptate voluptas provident earum et non quis.', 5, '{\"reaction\": \"dolore\"}', 29, 86),
('2024-12-28 21:42:02', 0, 1, 90.96, 'Et placeat voluptate eos est adipisci.', 2, '{\"reaction\": \"autem\"}', 31, 180),
('2024-11-17 19:11:45', 1, 0, 65.47, 'Eius maxime laborum placeat omnis provident ea.', 1, '{\"reaction\": \"ipsam\"}', 28, 177),
('2024-11-25 21:59:08', 1, 0, 12.18, 'Illo natus voluptatem dolorem facere.', 2, '{\"reaction\": \"et\"}', 18, 48),
('2024-12-11 10:12:47', 0, 0, 89.53, 'Earum at nulla perspiciatis aut.', 1, '{\"reaction\": \"placeat\"}', 41, 76),
('2024-12-27 18:17:29', 1, 1, 39.37, 'Tempora voluptatem quo est impedit soluta.', 5, '{\"reaction\": \"pariatur\"}', 37, 27),
('2024-12-17 08:56:42', 0, 1, 66.26, 'Est at quae animi animi sint laboriosam quidem dolorem.', 5, '{\"reaction\": \"provident\"}', 33, 196),
('2024-12-19 13:57:02', 0, 1, 50.92, 'Amet eaque animi voluptas ipsa.', 3, '{\"reaction\": \"iste\"}', 13, 155),
('2024-12-23 13:11:42', 0, 0, 74.79, 'Quibusdam sint quia facere inventore minus.', 2, '{\"reaction\": \"placeat\"}', 13, 181),
('2025-01-09 07:17:19', 0, 0, 92.4, 'Expedita est quia numquam quam sed.', 2, '{\"reaction\": \"quidem\"}', 34, 162),
('2024-12-03 10:30:06', 0, 0, 11.2, 'Ea rem blanditiis odit hic voluptas ipsam velit autem.', 2, '{\"reaction\": \"cupiditate\"}', 14, 111),
('2024-12-25 17:13:06', 1, 1, 95.83, 'Dicta vel esse ex rerum adipisci.', 3, '{\"reaction\": \"culpa\"}', 38, 152),
('2025-01-16 07:35:48', 1, 0, 94.58, 'Quia non natus accusamus ex.', 3, '{\"reaction\": \"sunt\"}', 12, 181),
('2024-12-04 05:17:53', 1, 1, 35.13, 'Incidunt in velit dolorem necessitatibus consequatur provident ducimus mollitia.', 2, '{\"reaction\": \"rem\"}', 18, 44),
('2024-12-27 12:15:57', 0, 0, 14.29, 'Iure iste quaerat et eum modi ex non.', 1, '{\"reaction\": \"qui\"}', 16, 28),
('2024-11-24 16:11:21', 1, 1, 76.42, 'Rerum amet hic id impedit unde quis.', 5, '{\"reaction\": \"qui\"}', 27, 125),
('2025-01-05 08:56:16', 1, 0, 68.47, 'Enim sequi sed earum.', 5, '{\"reaction\": \"id\"}', 12, 113),
('2024-11-19 13:32:53', 1, 1, 19.33, 'Similique neque ea occaecati aut saepe perferendis ut.', 3, '{\"reaction\": \"delectus\"}', 12, 44),
('2024-12-18 05:57:47', 1, 1, 65.5, 'Beatae dolorem non aut libero facilis.', 5, '{\"reaction\": \"consequatur\"}', 38, 1),
('2024-12-23 23:51:02', 0, 0, 93, 'Harum possimus sit cum possimus sit voluptatem ut.', 5, '{\"reaction\": \"voluptas\"}', 45, 33),
('2025-01-05 06:02:19', 0, 1, 35.67, 'Quisquam explicabo reprehenderit saepe.', 3, '{\"reaction\": \"iusto\"}', 4, 44),
('2024-12-24 06:08:13', 0, 0, 93.02, 'Et officia dolorem sint culpa.', 2, '{\"reaction\": \"perferendis\"}', 19, 18),
('2024-12-22 19:02:46', 1, 1, 92.95, 'Facilis hic sequi voluptatem impedit ad.', 4, '{\"reaction\": \"et\"}', 20, 60),
('2024-11-21 03:17:28', 0, 0, 49.1, 'Velit id molestiae sed quidem amet voluptates hic.', 3, '{\"reaction\": \"unde\"}', 33, 168),
('2024-12-21 10:48:11', 1, 0, 64.72, 'Quia et quod quis.', 4, '{\"reaction\": \"rem\"}', 33, 139),
('2025-01-14 11:57:21', 1, 1, 78.49, 'Molestiae voluptate qui sit esse voluptas vel odio debitis.', 2, '{\"reaction\": \"illum\"}', 40, 19);

-- --------------------------------------------------------

--
-- Structure de la table `spectacle`
--

DROP TABLE IF EXISTS `spectacle`;
CREATE TABLE IF NOT EXISTS `spectacle` (
  `ID` int NOT NULL AUTO_INCREMENT,
  `title` char(255) NOT NULL,
  `synopsis` text NOT NULL,
  `duration` time NOT NULL,
  `price` float NOT NULL,
  `language` enum('français','VO','surtitré','audio') CHARACTER SET utf8mb4 COLLATE utf8mb4_unicode_ci NOT NULL,
  `category_id` int NOT NULL,
  PRIMARY KEY (`ID`),
  KEY `fk_spectacle` (`category_id`)
) ENGINE=InnoDB DEFAULT CHARSET=utf8mb4 COLLATE=utf8mb4_unicode_ci;

INSERT INTO `spectacle` (`ID`, `title`, `synopsis`, `duration`, `price`, `language`, `category_id`) VALUES
(1, 'Eaque neque consequuntur veritatis.', 'Laboriosam laboriosam odio dicta maxime est libero est. Autem occaecati soluta aliquam. Libero facere et expedita odit corrupti.', '10:22:53', 20.15, 'français', 7),
(2, 'Officia ut quia.', 'Delectus eveniet vitae eaque quidem ipsa temporibus. Quo consequatur doloribus labore at quia. Cupiditate dolor ullam incidunt.', '02:01:04', 95.73, 'français', 7),
(3, 'Sit nesciunt totam a.', 'Natus ut veniam quam vel dolorem repellendus. Sint quos veritatis ut quod.', '03:13:41', 99.42, 'français', 6),
(4, 'Reprehenderit ipsa aut corporis consequatur.', 'Nemo et aut accusamus voluptatem. Tempora tempore consectetur eos nam. Excepturi delectus occaecati tenetur sequi iure. Ducimus ea fugiat doloremque voluptas.', '02:04:00', 71.73, 'VO', 10),
(5, 'Odio corrupti dolorum.', 'Eius odit autem ab sint quia autem aut. Sed esse et similique animi.', '20:26:22', 15.17, 'VO', 4),
(6, 'Inventore enim voluptatum.', 'Voluptas corporis ut doloremque unde debitis. Ipsum placeat et iusto quia. Et qui et exercitationem et. Nesciunt rerum officia aliquid explicabo porro eligendi dolorum aliquid.', '02:16:14', 30.72, 'audio', 7),
(7, 'Doloremque inventore repellendus praesentium.', 'Quos tempore est omnis. A quam aut aut nihil dolor maiores. Recusandae tempore aut quia. Rerum ipsa adipisci numquam porro possimus ipsum.', '13:51:13', 79.31, 'audio', 1),
(8, 'Aliquid qui similique.', 'Odit voluptatem tempore magni incidunt. Suscipit esse laborum architecto facere. Et aliquid qui recusandae numquam reiciendis quidem. Qui recusandae repellendus voluptatem.', '13:16:14', 68.09, 'français', 6),
(9, 'Vero quia unde.', 'Natus nihil deleniti nam aut asperiores ipsa sit. Est veniam repellendus omnis.', '02:27:44', 73.31, 'VO', 2),
(10, 'Deleniti velit earum perspiciatis dolores.', 'Vitae molestias repudiandae quis voluptatem. Molestiae asperiores sit sequi. Aliquam incidunt et voluptate. Quod a ratione qui reiciendis delectus sunt laboriosam sit.', '18:17:24', 47.59, 'VO', 3),
(11, 'Et voluptatem et.', 'Voluptatum praesentium voluptas omnis et quae dolor saepe. Sed aperiam nesciunt cumque illo saepe quidem.', '21:12:54', 18.08, 'audio', 6),
(12, 'Aut incidunt est quis.', 'Cupiditate asperiores aut ut est cum nostrum. Ut aut tenetur id sequi tempora eius inventore.', '07:39:54', 49.86, 'audio', 7),
(13, 'Eveniet ipsum enim.', 'Voluptate perferendis cupiditate corporis et. Maxime recusandae doloremque nihil id dolor. Voluptas et eaque ducimus cupiditate perspiciatis libero voluptate.', '11:06:47', 93.21, 'VO', 8),
(14, 'Expedita eos dolore.', 'Et et error explicabo corrupti. Hic harum sed ipsa consectetur. Quidem vero et autem voluptates fugiat. Quos consequatur sed voluptatibus nam iusto harum dolores sit.', '18:09:01', 23.57, 'français', 10),
(15, 'Voluptatem aliquam dolores.', 'Est vitae sed quam. Quo dolores mollitia iste voluptatem. Qui sunt inventore quasi. Sunt possimus ex dolores.', '12:32:02', 25.15, 'VO', 7),
(16, 'Et iusto asperiores.', 'Et quisquam ut ipsa debitis. Dolorem alias cupiditate deserunt quo rerum assumenda.', '03:18:46', 45.81, 'français', 1),
(17, 'Doloremque voluptate perferendis.', 'Quia sequi ipsam fugit eaque quo hic alias. Quia quo facere repellat assumenda cupiditate dignissimos. Corrupti consequatur libero et repudiandae sit.', '22:35:38', 52.67, 'VO', 2),
(18, 'Consequatur quos deserunt.', 'Quis esse repellat eos sed placeat magnam doloremque. Quam corporis repellendus est cumque. Excepturi ut eaque sed sit nulla. Est suscipit voluptatem repudiandae id.', '16:22:38', 90.47, 'surtitré', 2),
(19, 'Qui numquam aut soluta.', 'Velit tempora sed eos similique exercitationem. Iure eum blanditiis dicta dolor. Quis aspernatur tenetur voluptate aut esse. Ullam eaque perferendis libero ut sit quia odit ab.', '14:18:58', 71.74, 'audio', 8),
(20, 'Dolore quis aliquam ipsa.', 'Officia dolores dolores quidem sit qui quia. Neque omnis unde voluptatum incidunt veritatis. Repudiandae ea in reprehenderit recusandae. Et ipsa ut repellendus.', '17:47:09', 82.72, 'surtitré', 3),
(21, 'Error quam est.', 'Et consequuntur magni sit ab doloremque ab voluptates earum. Ut consectetur et ea. Occaecati molestias sed ut et ut consequatur. Amet ea dolor rerum amet sed.', '04:04:11', 69.27, 'français', 10),
(22, 'Sunt aut quas.', 'Laboriosam voluptate fugiat repudiandae. Exercitationem placeat odio quaerat omnis vitae. Ipsa velit expedita et id quia dolor eum. Nisi quam suscipit odit aut.', '09:08:27', 88.91, 'français', 9),
(23, 'Perspiciatis omnis aut.', 'Soluta consequatur magni ut omnis porro. Dolor ut omnis minima. Quia accusantium consequatur itaque deleniti. Deserunt minus impedit minus tempora modi quo provident aut.', '19:06:32', 89.09, 'surtitré', 10),
(24, 'Natus consequatur alias.', 'Omnis sed consequatur iste culpa praesentium non culpa sit. In ducimus voluptatem ratione pariatur libero asperiores quam. Error et ullam odit qui doloribus sed nihil dolorum. Et tempora et reprehenderit neque quam repellat fuga.', '01:53:20', 95.11, 'français', 2),
(25, 'Ducimus vel dolore sunt.', 'Ipsum itaque id voluptatem aut est esse et. Qui qui quas sunt. Et tenetur est ipsum modi aut quis quidem tempora. Et dicta quis voluptatem.', '23:17:11', 86.1, 'français', 7),
(26, 'Nihil eveniet rem.', 'Repellat excepturi aliquam ut eligendi. Et nemo suscipit ut quos ab dolorum perferendis enim. Ut cupiditate minus officiis et doloribus id. Consequuntur tempore harum aut dicta aliquam ad explicabo.', '12:17:07', 68.89, 'audio', 9),
(27, 'Perferendis neque qui.', 'Debitis dolores qui consectetur eos excepturi dolore. Similique voluptatem reiciendis minus unde impedit qui. Eum quo eligendi rerum et. Sint molestiae aliquam dolorem vitae consequuntur. Perferendis minus est quidem.', '18:52:02', 46.02, 'VO', 1),
(28, 'Aut omnis.', 'Impedit similique delectus recusandae eveniet tenetur. Qui omnis possimus velit ab. Dolores animi sit nisi. Vel omnis voluptas est id dolorem.', '19:58:20', 52.43, 'surtitré', 6),
(29, 'Ab corrupti.', 'Nam ut error quo sit odit. Perspiciatis rerum et placeat vero ut nesciunt officia. Vitae debitis molestiae repudiandae tempore dolores enim voluptatem id.', '20:36:15', 95.81, 'surtitré', 6),
(30, 'Vel inventore et harum.', 'Magni consequatur consequatur quaerat cupiditate. Molestiae rerum eum adipisci vel doloremque non impedit. Occaecati nesciunt ut officiis sunt dolores dolorum non. At et soluta voluptas incidunt voluptatem.', '07:26:51', 24.82, 'surtitré', 9),
(31, 'Voluptatem qui nostrum quo eum.', 'Iusto quo laboriosam vitae. Qui consequatur repellat pariatur voluptas aut blanditiis. Quia et eius aliquam ut.', '18:02:12', 55.49, 'surtitré', 5),
(32, 'Voluptatum sunt harum.', 'Mollitia perferendis dignissimos repellendus quo saepe occaecati amet. Vitae est sed eum vel doloremque ullam deleniti. Qui minima voluptate eos expedita.', '00:02:50', 54.67, 'français', 5),
(33, 'Et labore ad.', 'Magni vel ratione aliquid in distinctio tempora distinctio. Optio similique labore omnis sit culpa. Magni praesentium quo odit in sapiente velit. Omnis ipsa doloribus facere est nihil placeat.', '09:50:18', 91.87, 'VO', 10),
(34, 'Occaecati sit accusamus labore.', 'Maxime et dignissimos numquam. Eum iste soluta eum et.', '13:34:16', 90.21, 'audio', 7),
(35, 'Dolorum ut vero.', 'Debitis praesentium sit sed voluptatem ut quas. Deleniti modi similique deleniti eius voluptatem et quia harum. Qui possimus ratione assumenda adipisci vitae. A dolores sapiente natus doloribus est sapiente voluptatem.', '23:29:35', 36.69, 'audio', 3),
(36, 'Enim soluta.', 'Aut tenetur modi possimus est quam. Et sint neque eaque sapiente et. Eius consectetur eius et. Rerum perferendis est vero voluptate rerum mollitia quasi nam.', '13:03:12', 77.47, 'surtitré', 6),
(37, 'Veritatis nostrum.', 'Animi labore voluptatibus dolor soluta consequatur. Perferendis ratione dolor voluptatem sint.', '06:34:05', 35.13, 'VO', 7),
(38, 'Non sint recusandae veniam.', 'Impedit qui porro alias id in in est. Quasi eos consequuntur sed inventore odio dolores et. Dolor sunt quaerat iure maxime velit aperiam. Nesciunt et ipsa voluptatem rerum totam dolor perspiciatis.', '07:47:02', 56.96, 'français', 6),
(39, 'Dolores quam architecto.', 'Tenetur sapiente repellendus vel. Ab ipsam consequuntur et eum. Eaque animi vel ex aut.', '06:04:17', 19.11, 'audio', 4),
(40, 'Officia temporibus et qui.', 'Quia odit dolorum non aspernatur doloremque eos quia saepe. Consequatur vel quae cumque temporibus pariatur. Aut nam ut et perferendis. Dolor molestiae et consequatur possimus nostrum est.', '13:23:11', 42.13, 'audio', 3),
(41, 'Odio nulla fugit.', 'Quaerat voluptatibus non natus vero. Illo expedita et voluptatibus illo. Sed rem deserunt consequuntur ut sit soluta nulla.', '22:05:02', 57.3, 'français', 5),
(42, 'Sed officia tempora.', 'Dolore velit alias atque ratione cum. Rem sint debitis repudiandae minus quam ut illum laudantium. Dicta delectus necessitatibus autem velit mollitia sed natus accusantium. Quibusdam enim pariatur aliquid dolore minima aperiam cupiditate. Nemo ut quia neque dolorem molestias aperiam fugiat.', '00:34:38', 82.72, 'français', 7),
(43, 'Quia sunt.', 'Rerum est omnis voluptatem. In voluptatem pariatur eum quis fugiat. Omnis nobis est omnis vero maiores numquam dolorum in.', '18:38:55', 42.95, 'VO', 1),
(44, 'Non dolore labore.', 'Ullam consectetur porro est natus reiciendis enim numquam quisquam. Consequuntur sunt nostrum nesciunt laborum nisi aperiam labore. Qui dicta sit nobis laboriosam nihil. At molestias voluptas voluptatum nam sit autem et.', '15:28:03', 92.71, 'surtitré', 9),
(45, 'Quo saepe adipisci itaque.', 'Ut earum aliquid id rerum aperiam. Quia deserunt dicta odit amet earum. Quas qui perspiciatis corrupti quo.', '09:46:00', 33.74, 'français', 9),
(46, 'Tenetur debitis nesciunt.', 'Sapiente adipisci architecto sit facilis nihil optio. Quia vel accusamus est autem rem. Consequuntur maiores omnis aut voluptates neque voluptas.', '16:16:06', 33.44, 'surtitré', 9),
(47, 'Animi voluptatem in.', 'Repellat quaerat laboriosam occaecati. Voluptatem ipsam vero velit et. Qui dignissimos et temporibus molestiae est est. Ut sed sequi assumenda vel.', '21:44:30', 22.75, 'audio', 4),
(48, 'Animi velit tempora laborum.', 'Nemo et dolorem autem nisi dolorum ut qui qui. Atque voluptatum praesentium voluptatem impedit sequi dignissimos. Vero hic et suscipit voluptas.', '15:20:53', 13.97, 'surtitré', 4),
(49, 'Ut sint mollitia.', 'Deleniti eum maxime id et. Aliquid numquam eaque architecto. Rerum vel quia atque sed impedit.', '03:10:55', 53.85, 'surtitré', 3),
(50, 'Voluptas qui mollitia cum.', 'Est architecto minima perferendis in. Dolor eaque quia voluptatem molestias error. Suscipit expedita velit eos ducimus. Vero ad numquam quae facere officiis nisi corrupti. Rem quibusdam laborum mollitia ullam at corporis quis unde.', '20:37:58', 65.73, 'surtitré', 1);


-- --------------------------------------------------------

--
-- Structure de la table `subscriber`
--

DROP TABLE IF EXISTS `subscriber`;
CREATE TABLE IF NOT EXISTS `subscriber` (
  `ID` int NOT NULL AUTO_INCREMENT,
  `username` varchar(255) NOT NULL,
  `password` varchar(255) NOT NULL,
  `email` varchar(255) NOT NULL,
  `birthdate` datetime NOT NULL,
  `first_name` varchar(255) NOT NULL,
  `last_name` varchar(255) CHARACTER SET utf8mb4 COLLATE utf8mb4_unicode_ci NOT NULL,
  PRIMARY KEY (`ID`)
) ENGINE=InnoDB DEFAULT CHARSET=utf8mb4 COLLATE=utf8mb4_unicode_ci;

INSERT INTO `subscriber` (`ID`, `username`, `password`, `email`, `birthdate`, `first_name`, `last_name`) VALUES
(1, 'guy.vallee', '0S@9+3?07aYg]y.ZH', 'carre.alex@noos.fr', '1997-04-07 00:00:00', 'Étienne', 'Navarro'),
(2, 'guyot.hugues', 'Fh)w8YJ2OM}Ubccr`!]&', 'philippe.hugues@orange.fr', '2003-08-28 00:00:00', 'Corinne', 'Goncalves'),
(3, 'bazin.daniel', 'iMk=|fW(R68ap', 'isaac.guibert@schneider.org', '1978-10-26 00:00:00', 'Christine', 'Diaz'),
(4, 'pierre77', 'vE.j:4~CAau', 'edith51@noos.fr', '1975-04-02 00:00:00', 'Margot', 'Clerc'),
(5, 'isaac.blin', 'a@BNKm=<oPkZ={', 'vcamus@dupuis.net', '2010-11-02 00:00:00', 'Célina', 'Collet'),
(6, 'jeanne45', '\"!pP2\"eu\"`Hl-h9F|', 'clombard@bouygtel.fr', '1972-05-11 00:00:00', 'Alex', 'Chauveau'),
(7, 'alain.maillard', '8cne?9?4DstNU', 'baron.francoise@bouygtel.fr', '1973-06-10 00:00:00', 'Xavier', 'Leveque'),
(8, 'jacques34', '*`txHLlAK', 'hleclercq@voila.fr', '1996-02-07 00:00:00', 'Isabelle', 'Pasquier'),
(9, 'qgrenier', '=\'T_`H=D*`HRb$6D#T', 'richard30@laposte.net', '2000-12-01 00:00:00', 'Astrid', 'Roy'),
(10, 'sabine.dossantos', 'YN^K%e6ed_:]q', 'gbenard@live.com', '1980-12-19 00:00:00', 'Marcelle', 'Briand'),
(11, 'alex91', 'Xtl8FT)M15xO`_}(', 'marianne17@leroy.com', '2014-03-15 00:00:00', 'Catherine', 'Imbert'),
(12, 'audrey16', 'I^Vj?4K|n}', 'aurore45@gmail.com', '1986-12-12 00:00:00', 'Franck', 'Besson'),
(13, 'adrien.alexandre', ',7x<xl=>%jeII$C', 'ojean@sfr.fr', '1983-10-11 00:00:00', 'Simone', 'Pons'),
(14, 'olivier43', '3+,%\'mB@kMDv\\', 'arnaude.dufour@pons.fr', '1976-07-25 00:00:00', 'Gérard', 'Lebreton'),
(15, 'pruvost.sabine', 'lN_<Q5cX!z^%o3B]', 'acourtois@voila.fr', '1984-09-16 00:00:00', 'Louise', 'Ruiz'),
(16, 'nath64', 'x\'9<-T\\ts`TSt7z:%', 'fgosselin@tiscali.fr', '2003-12-15 00:00:00', 'William', 'Besnard'),
(17, 'fabre.jeannine', '{\'JP5TC', 'renaud.bernard@joubert.net', '2014-12-27 00:00:00', 'Gabrielle', 'Cousin'),
(18, 'agnes.fouquet', 'iw,=|q&^Plg@x,J)WDW%', 'hallard@sfr.fr', '2023-06-26 00:00:00', 'Luc', 'Hamel'),
(19, 'philippine.herve', '&Ax&y-', 'alexandre72@daniel.fr', '2021-06-15 00:00:00', 'Pauline', 'Roux'),
(20, 'giraud.laetitia', '+,_YY%=ma+VoVzBO=1y', 'rsalmon@petitjean.com', '1990-11-11 00:00:00', 'Antoinette', 'Julien'),
(21, 'labbe.emmanuelle', '\'rGXh`3(M5~V;&', 'collin.noel@girard.com', '2008-03-10 00:00:00', 'Benoît', 'Dupuy'),
(22, 'antoinette25', '8(O=iSG|2', 'leger.jeanne@lemonnier.com', '1976-02-20 00:00:00', 'Yves', 'Joubert'),
(23, 'gilles28', 'eJ=g=e*$oAJ', 'carre.benoit@noos.fr', '2020-06-13 00:00:00', 'Jeanne', 'Garcia'),
(24, 'remy75', '7Pi|GV6)\'5^Pa', 'cbouvier@tiscali.fr', '2019-03-09 00:00:00', 'Brigitte', 'Clerc'),
(25, 'kgilbert', '=n5&1Q', 'jgautier@orange.fr', '1991-10-10 00:00:00', 'Alice', 'Baudry'),
(26, 'moreno.stephanie', 'Y[WsFYr]P~T', 'bberger@clerc.net', '1989-11-18 00:00:00', 'Constance', 'David'),
(27, 'matthieu.evrard', '3b?v\"XxH/6_4a^2L', 'leveque.timothee@tiscali.fr', '2006-05-17 00:00:00', 'Philippine', 'Verdier'),
(28, 'roux.emilie', 'sLf\"3{xV~e', 'wjoseph@pinto.fr', '1989-02-28 00:00:00', 'Adrien', 'Bertin'),
(29, 'guillaume34', 'ln{{&s', 'jeanne30@laposte.net', '1990-09-11 00:00:00', 'René', 'Traore'),
(30, 'bernier.gilles', 'E&i&q=MV;Pb]\'m6y', 'dasilva.bertrand@yahoo.fr', '2010-07-02 00:00:00', 'Pénélope', 'Hamel'),
(31, 'martineau.jeannine', '}W\'_6jU', 'benjamin79@leleu.com', '1973-03-26 00:00:00', 'Marcelle', 'Goncalves'),
(32, 'thomas68', '\'#hFTiWGd', 'lucy89@noos.fr', '1984-07-12 00:00:00', 'Nicolas', 'Dupre'),
(33, 'reynaud.jacques', '`Pq_>RN;2B~<U?D8dK', 'marty.laurent@noos.fr', '2013-12-31 00:00:00', 'Lucy', 'Fouquet'),
(34, 'dumas.charles', 'fZF=w;Qe_t', 'sebastien95@herve.fr', '2019-11-10 00:00:00', 'Inès', 'Robert'),
(35, 'eric.ferrand', 'w+>\'e((G{alCIl$k1al', 'elise.hoarau@free.fr', '1973-05-06 00:00:00', 'Gilles', 'Nguyen'),
(36, 'marc72', '2,x/3L3b=^_v>', 'gregoire46@dumas.fr', '2014-01-17 00:00:00', 'Vincent', 'Dupuy'),
(37, 'astrid99', '^ic4en5JLv\")~g=%r', 'constance45@guyot.com', '1982-07-14 00:00:00', 'Philippe', 'Leroy'),
(38, 'bpotier', 'qup(dH2&oju!;./I&', 'zjulien@live.com', '1980-09-24 00:00:00', 'Adrien', 'Dupre'),
(39, 'devaux.anais', '^&oI@;:', 'julien.peron@dbmail.com', '1974-06-01 00:00:00', 'Frédérique', 'Martinez'),
(40, 'lemaire.louise', '|Hyo8hD[+$3OPEa@P', 'philippe98@live.com', '2018-11-11 00:00:00', 'André', 'Delaunay'),
(41, 'roger.colette', ':V3:_8J9xD{OY23', 'valerie22@yahoo.fr', '1976-08-13 00:00:00', 'Lucas', 'Neveu'),
(42, 'jacqueline.rousset', 'JvI/q?gC', 'olivier.bonnet@poulain.net', '1993-05-13 00:00:00', 'Danielle', 'Navarro'),
(43, 'bonnin.michele', '71\\f{)', 'olivier85@guibert.com', '2007-12-28 00:00:00', 'Dorothée', 'Roux'),
(44, 'sdubois', 'z4pP\\Z0]g%ER', 'alexandre.boulay@meunier.fr', '2009-01-18 00:00:00', 'Jeanne', 'Lebreton'),
(45, 'gerard91', '(\'YPpt/m', 'rarnaud@dbmail.com', '1980-05-29 00:00:00', 'Gilles', 'Charles'),
(46, 'jerome.pages', '>)xZ^gbrP{]JBp33RS', 'rey.zacharie@herve.fr', '2022-03-22 00:00:00', 'Daniel', 'Blanchard'),
(47, 'nwagner', 'FP\"PF8$Aa&53?]HN_', 'fcouturier@lenoir.fr', '1994-06-24 00:00:00', 'Maryse', 'Petitjean'),
(48, 'matthieu53', 'B?N:@O=?ac0<', 'lemoine.lucie@riviere.net', '2006-08-29 00:00:00', 'Patrick', 'Ferreira'),
(49, 'alphonse.joly', '}?5=_@$^IcDf4FL', 'marine.colas@grenier.net', '2023-11-25 00:00:00', 'Monique', 'Meyer'),
(50, 'jacques45', '>ygG0/0h', 'aledoux@ifrance.com', '1975-04-28 00:00:00', 'Jacqueline', 'Ruiz'),
(51, 'david.carpentier', '3Vy-lf=', 'hortense69@dbmail.com', '2004-01-10 00:00:00', 'Noémi', 'Techer'),
(52, 'nicolas.fontaine', 'j^SQT:4\\#LK`z}ec', 'suzanne.peron@tiscali.fr', '1971-04-15 00:00:00', 'Maryse', 'Payet'),
(53, 'charpentier.emmanuel', 'Ib$jf.ih}XZ.', 'xperrier@boucher.com', '1999-11-24 00:00:00', 'Tristan', 'Lesage'),
(54, 'hubert.marcel', ':08\\\"3B3wv\'6)d', 'antoine56@ifrance.com', '2022-07-21 00:00:00', 'Léon', 'Grenier'),
(55, 'etienne.corinne', 'C}tj}J:qOU', 'valette.andree@free.fr', '2018-11-17 00:00:00', 'Andrée', 'Marques'),
(56, 'luc21', '%f]a;_%C\"', 'alexandrie58@sanchez.fr', '1996-12-09 00:00:00', 'Victoire', 'Benard'),
(57, 'alexandria17', '2R?7GZp{\"^xY}F`', 'michelle67@tiscali.fr', '2021-12-24 00:00:00', 'Joseph', 'Marques'),
(58, 'constance13', 'FUxN?Xp)usq9B8K[|[aO', 'perrin.dominique@roger.org', '1991-12-01 00:00:00', 'Emmanuel', 'Roussel'),
(59, 'jacqueline64', 'P6[KXo@P\'%iQ<aNCD=U@', 'xgallet@free.fr', '2004-09-05 00:00:00', 'Capucine', 'Dufour'),
(60, 'etienne19', '9+K1vle6_XRN!pF|Sf', 'susan.paris@hotmail.fr', '2002-09-04 00:00:00', 'Anaïs', 'Guillet'),
(61, 'xwagner', '|a[5vy{Y(q%', 'giraud.honore@louis.com', '2017-01-01 00:00:00', 'Robert', 'Germain'),
(62, 'stephanie.maurice', 'Y(kIXyBUS8(||', 'omercier@weber.com', '1984-07-19 00:00:00', 'Christophe', 'Marchand'),
(63, 'rodriguez.marc', 'n^\"MQZ+TjA3f=!B7', 'paulette.allard@live.com', '1983-01-31 00:00:00', 'Théophile', 'Poirier'),
(64, 'bourgeois.danielle', 'MEzw4T*\"5T6', 'perret.renee@baudry.fr', '2016-04-29 00:00:00', 'Frédérique', 'Perrier'),
(65, 'matthieu.thomas', '-ivf#x', 'blin.isabelle@imbert.org', '2002-11-16 00:00:00', 'Jeannine', 'Collin'),
(66, 'alain33', 'A:qD?s@_0d=', 'ines25@renard.com', '1979-07-19 00:00:00', 'Charlotte', 'Jacques'),
(67, 'eugene.guillaume', 'vr:*_TNJ$<BkSlvoU', 'egermain@besson.org', '1979-02-14 00:00:00', 'Inès', 'Didier'),
(68, 'louise46', 'wb-h``h*<p', 'theodore.francois@noos.fr', '2007-09-05 00:00:00', 'Marine', 'Valentin'),
(69, 'hamel.alain', 'pC1cAYd,%Wa', 'lhardy@dupuy.org', '2019-04-07 00:00:00', 'Agathe', 'Thibault'),
(70, 'dorothee94', ':rj:Q(QK\\/vm^', 'pauline.lesage@moreau.com', '2015-01-29 00:00:00', 'Anne', 'Pelletier'),
(71, 'fgaillard', 'ejNUTTy{,\\Auo~m@>', 'dominique.klein@charrier.com', '1976-02-24 00:00:00', 'Sylvie', 'Carpentier'),
(72, 'gabrielle.leveque', 'znHD{1Ut)..EN', 'julie47@texier.fr', '2012-02-15 00:00:00', 'Chantal', 'Laroche'),
(73, 'ldavid', '4VwK8H]Mk', 'edouard92@laposte.net', '1985-05-29 00:00:00', 'Marine', 'Noel'),
(74, 'blopez', 'd*UQb#1', 'victoire89@charpentier.com', '1994-07-09 00:00:00', 'Aimé', 'Paris'),
(75, 'jacques67', 'y|;k*/', 'christelle.gomes@teixeira.fr', '2023-08-27 00:00:00', 'Jérôme', 'Rousset'),
(76, 'penelope23', '\'n5)&?`', 'mpetit@dbmail.com', '1987-05-15 00:00:00', 'Laurent', 'De Oliveira'),
(77, 'collet.corinne', 'WKx%a@ESm5{Y', 'bboyer@voila.fr', '1974-12-12 00:00:00', 'Jacques', 'Blin'),
(78, 'iguerin', 'T\"2M.+d24=v\"8m;Nj0', 'guyon.david@orange.fr', '1977-09-16 00:00:00', 'Marianne', 'Bertin'),
(79, 'godard.david', 'miox5wCUYj;;$6', 'celine.hamel@payet.com', '2001-09-13 00:00:00', 'Michelle', 'Renard'),
(80, 'guy.gaudin', 'wj;s?D<M8(Pya!]', 'renard.gilbert@gmail.com', '1998-06-30 00:00:00', 'Maurice', 'Bigot'),
(81, 'olacombe', 'q_Bh\\{pMyS', 'sylvie21@blanc.com', '1994-04-18 00:00:00', 'Élodie', 'Richard'),
(82, 'chantal.martineau', 'd|vL7Gti', 'mathilde.gonzalez@sfr.fr', '1994-05-08 00:00:00', 'Alphonse', 'Noel'),
(83, 'wlebon', '\\2Q$Tz=z+c', 'vraynaud@toussaint.net', '1988-09-21 00:00:00', 'Agathe', 'Pereira'),
(84, 'william.coste', '*1xYvmsG$', 'elise39@free.fr', '1971-11-08 00:00:00', 'Juliette', 'Coste'),
(85, 'catherine.becker', '6t(1Ld~?', 'elefebvre@noos.fr', '1978-03-29 00:00:00', 'Henriette', 'Huet'),
(86, 'remy03', '3S_f2)uf#,N', 'margot.alexandre@yahoo.fr', '1990-05-06 00:00:00', 'Cécile', 'Bonnet'),
(87, 'christiane38', 'tGT8C|t7^db_;C{%oBv', 'william.gerard@munoz.org', '2018-12-10 00:00:00', 'Frédéric', 'Tessier'),
(88, 'charles63', 'C]^UF]28=RN943v{o1\'', 'jacquot.denise@noos.fr', '1987-12-12 00:00:00', 'Audrey', 'Collin'),
(89, 'catherine08', 'a\\F5Tp8&4;|NBP{_*', 'rfournier@sfr.fr', '2010-02-23 00:00:00', 'Alphonse', 'Da Costa'),
(90, 'navarro.daniel', 'Z`nI^T86O#kK]DQ/', 'xavier.herve@dbmail.com', '2009-08-01 00:00:00', 'Gabriel', 'Dijoux'),
(91, 'perrin.margaux', 'D~9rG],se{2*K|-@', 'lblanchard@wanadoo.fr', '2010-06-14 00:00:00', 'Anne', 'Guibert'),
(92, 'petitjean.philippine', '(YYD:`UK#*X6', 'susan89@free.fr', '2014-09-29 00:00:00', 'Thibaut', 'Costa'),
(93, 'frederic.leclerc', 'O5wmB+5o~kR5v~', 'frossi@hebert.com', '2015-12-04 00:00:00', 'Timothée', 'Pichon'),
(94, 'barre.jacqueline', 'DuFFG453*G/?:gl\\uR', 'vallet.isaac@club-internet.fr', '1989-09-11 00:00:00', 'Odette', 'Rolland'),
(95, 'gomez.eric', '45Uq[}\"r)sXvi=Kfz@,a', 'guy.labbe@laposte.net', '2010-02-06 00:00:00', 'Michelle', 'Deschamps'),
(96, 'zacharie.bousquet', '\"bk;YN', 'auguste40@yahoo.fr', '1993-12-23 00:00:00', 'Thibault', 'Gaillard'),
(97, 'giraud.eugene', 'BOa.7j\"sh_', 'carre.yves@lamy.net', '1999-07-21 00:00:00', 'Hélène', 'Cordier'),
(98, 'bgauthier', 'F`McLJkIm\\', 'thomas54@diaz.com', '1973-04-06 00:00:00', 'Sébastien', 'Guillot'),
(99, 'sabine62', 'wv]\'V*^{', 'penelope.robert@bouygtel.fr', '2001-01-19 00:00:00', 'Juliette', 'Guibert'),
(100, 'tmartineau', 'agk;Hx]', 'isaac.brunet@vincent.com', '1981-03-26 00:00:00', 'Inès', 'Dumas'),
(101, 'jacquot.nathalie', '^V2#zk_luPT', 'philippe34@club-internet.fr', '1973-03-31 00:00:00', 'Laetitia', 'Allain'),
(102, 'qhebert', 'rt@AvE:d+9y_\"F}(ge', 'bertrand82@carpentier.fr', '1980-09-20 00:00:00', 'Thierry', 'Richard'),
(103, 'noemi.ruiz', 'Atf[p+V1VWm_+Om', 'guibert.frederique@sfr.fr', '2012-07-25 00:00:00', 'Stéphane', 'Goncalves'),
(104, 'leger.eleonore', 'd/hlRFN', 'qguyon@vidal.com', '2001-06-11 00:00:00', 'Corinne', 'Gillet'),
(105, 'iblanc', ';gx0p}%z6', 'colin.richard@tele2.fr', '2022-06-05 00:00:00', 'Éric', 'Potier'),
(106, 'brunet.thibault', '\\Y61>T!Z*ZTNG@9w[', 'gilbert.sebastien@hotmail.fr', '2013-05-17 00:00:00', 'Arthur', 'Joseph'),
(107, 'bouvet.brigitte', '>}&#$K(E1\\(5y:', 'gaudin.claire@club-internet.fr', '1998-04-15 00:00:00', 'Augustin', 'Hoarau'),
(108, 'noemi.hoareau', '?(Lsz5+9bIA<m', 'auguste.gerard@voila.fr', '2000-08-08 00:00:00', 'Pénélope', 'Barthelemy'),
(109, 'fjoubert', '.)~I85~{/FGi0a', 'maggie.lopez@tele2.fr', '1998-12-14 00:00:00', 'David', 'Bertin'),
(110, 'timothee.charpentier', '.X+SJn%v;', 'alfred.hardy@orange.fr', '2023-06-10 00:00:00', 'Denis', 'Gomes'),
(111, 'renee47', 'WKh\"vjv', 'yves.thibault@germain.com', '1992-05-14 00:00:00', 'Adèle', 'Roux'),
(112, 'genevieve.cousin', 'q}pWh!l1sB6Lz[4k', 'pturpin@parent.net', '1984-04-10 00:00:00', 'Adélaïde', 'Leduc'),
(113, 'mfontaine', 'O0{q=\\CssS{7', 'merle.michelle@grenier.org', '2010-10-05 00:00:00', 'Diane', 'Andre'),
(114, 'victor.huet', 'UHfi<0', 'stephanie46@picard.fr', '1995-01-27 00:00:00', 'Margot', 'Valentin'),
(115, 'martin.benjamin', '*#HAFsi&ISxd', 'ollivier.andre@lopes.com', '2011-08-11 00:00:00', 'Océane', 'Gay'),
(116, 'gbuisson', 'C321\\1&C#0', 'descamps.richard@pineau.com', '2007-01-28 00:00:00', 'Dominique', 'Charrier'),
(117, 'imartin', 'k8n^U<', 'antoine79@guillon.com', '2008-10-06 00:00:00', 'Manon', 'Coulon'),
(118, 'fleury.bernadette', 'G.\\ma9?Ys:l|', 'laetitia.legros@noos.fr', '1984-09-27 00:00:00', 'Arthur', 'Riou'),
(119, 'olivier.duhamel', 'CPx(1<T3', 'sfournier@chretien.com', '2008-05-30 00:00:00', 'Camille', 'Briand'),
(120, 'cguyot', 'uWw`tt/de(', 'edith.valette@wanadoo.fr', '1995-08-03 00:00:00', 'Françoise', 'Arnaud'),
(121, 'dumas.christophe', '\\JB;m1fo{w7|0N<F2R?c', 'cmarchal@laposte.net', '1987-03-11 00:00:00', 'Céline', 'Descamps'),
(122, 'xmillet', '%)/&5k,?O.?2x', 'guibert.denis@carlier.fr', '1986-09-06 00:00:00', 'Lucas', 'Dias'),
(123, 'martine.laine', '(R[}|MrBEib[', 'eleonore.faivre@laposte.net', '1992-03-15 00:00:00', 'Arnaude', 'Lombard'),
(124, 'thibault.denise', '>m3\\!RVJOF|X7cy9y3:', 'dgodard@laposte.net', '1982-06-29 00:00:00', 'Paulette', 'Munoz'),
(125, 'marcelle86', ':>XBk3tU)', 'salmon.francois@live.com', '1980-03-13 00:00:00', 'Anne', 'Hamon'),
(126, 'bailly.benoit', 'cq9=~m1\\/?2', 'nberthelot@blot.fr', '2014-07-26 00:00:00', 'Julien', 'Bailly'),
(127, 'lopes.charles', ')6X9oRLvQ^xaG', 'arnaude42@bouygtel.fr', '1997-09-02 00:00:00', 'Alain', 'Maillard'),
(128, 'bertrand41', 'S8tI1n', 'btexier@gautier.fr', '1977-11-18 00:00:00', 'Élisabeth', 'Maurice'),
(129, 'marchal.sylvie', ':R&T9~3*', 'lucas.noemi@free.fr', '1976-09-02 00:00:00', 'Timothée', 'Parent'),
(130, 'oleblanc', ',R#NrO\'kmE1z@k', 'clement.christine@orange.fr', '2010-12-27 00:00:00', 'Valérie', 'Diallo'),
(131, 'marine.begue', 'S,>B#y=3', 'benjamin.mace@michaud.org', '2004-01-27 00:00:00', 'Céline', 'Costa'),
(132, 'agnes.pascal', 'n/QUHnR1`]w#sp03K', 'alexandre04@noos.fr', '1988-07-17 00:00:00', 'Denis', 'Hubert'),
(133, 'simone.masson', '\".T.N3=*', 'valentine.godard@free.fr', '1976-06-24 00:00:00', 'Tristan', 'Pereira'),
(134, 'philippine61', '&WZpyxqE,Y!l[IyJs4lH', 'juliette49@gomes.com', '2002-11-23 00:00:00', 'Thérèse', 'Morin'),
(135, 'dossantos.raymond', 'I24h\"4Edj', 'bernadette.courtois@tele2.fr', '1996-06-23 00:00:00', 'Valérie', 'Delaunay'),
(136, 'martinez.aurelie', '<$sI={CMvAB651+R,T2a', 'martin.julien@voila.fr', '1970-06-23 00:00:00', 'Diane', 'Pires'),
(137, 'aweber', 'oe8IH<_1#b)1|(PeD+b', 'etienne08@roche.org', '2007-01-31 00:00:00', 'Renée', 'Turpin'),
(138, 'edith53', 'cdz6kIP,a=Cjp=<V&39', 'descamps.marcelle@rodriguez.com', '2023-10-07 00:00:00', 'Patrick', 'Baron'),
(139, 'texier.michel', 'o\'E|v\'Yr+va', 'emmanuel.delahaye@tiscali.fr', '2013-06-12 00:00:00', 'Charlotte', 'Dias'),
(140, 'morvan.audrey', ']}Q|zfMfk', 'caroline.pinto@orange.fr', '1991-11-19 00:00:00', 'Danielle', 'Tanguy'),
(141, 'odette.pires', '|xkD5k0\'s&DH7@', 'xmaury@ifrance.com', '1985-11-28 00:00:00', 'Jérôme', 'Legendre'),
(142, 'nguyen.robert', 'GI/n}l7DB', 'guillon.constance@free.fr', '2011-02-23 00:00:00', 'Nicolas', 'Navarro'),
(143, 'gilbert.philippe', 'J6bIaRxJ*Y/$\\}C', 'legros.augustin@ifrance.com', '2004-06-02 00:00:00', 'Émilie', 'Alves'),
(144, 'gabriel75', 'L9>S\"`4w!', 'susan.clerc@yahoo.fr', '2007-01-20 00:00:00', 'Émile', 'Guillot'),
(145, 'cvaillant', 'mF<X]Z-j\\%Hq6', 'georges.christine@voila.fr', '1979-10-31 00:00:00', 'Christine', 'Benard'),
(146, 'bertrand13', ';$u7=56', 'joseph.marty@marechal.org', '2019-03-18 00:00:00', 'Arthur', 'Barbe'),
(147, 'grobert', '/N*D?,.||K6', 'zacharie.perret@orange.fr', '1972-08-15 00:00:00', 'Marc', 'Fontaine'),
(148, 'gerard.pauline', '_KagZ(Tm', 'hcosta@paris.fr', '2020-03-27 00:00:00', 'Noémi', 'Millet'),
(149, 'claire.legrand', ':v}i5-c=!#/<(;!$', 'ferreira.christiane@brunel.com', '2021-01-17 00:00:00', 'Susanne', 'Arnaud'),
(150, 'qparent', 'y9>}(VnTe#!H&+@', 'alexandre27@hotmail.fr', '1971-07-19 00:00:00', 'Adrienne', 'Perrier'),
(151, 'paul.paul', 'qsVJ*Sh-zc]', 'wcaron@wanadoo.fr', '1982-01-12 00:00:00', 'Timothée', 'Bernier'),
(152, 'collet.veronique', 'V4KZ^fwzi89a', 'nicole.vidal@charles.org', '1985-07-06 00:00:00', 'Maggie', 'Boucher'),
(153, 'sdasilva', ':1KzLj^+G7,GFsg', 'martin94@payet.fr', '2017-06-08 00:00:00', 'Sophie', 'Guibert'),
(154, 'dominique.faure', '?o`-67Sp<.', 'xbriand@noos.fr', '1979-09-10 00:00:00', 'Céline', 'Guillet'),
(155, 'weber.marc', 'UB&);VEO#)qF![,', 'patrick55@thomas.fr', '2006-10-30 00:00:00', 'Roland', 'Pasquier'),
(156, 'ferrand.nicole', '~xY;)N', 'bmillet@tele2.fr', '2016-02-23 00:00:00', 'Jacques', 'Maurice'),
(157, 'tmarty', 'QetA6Q', 'suzanne.lemaitre@hotmail.fr', '2018-01-31 00:00:00', 'Margot', 'Michaud'),
(158, 'richard.marcel', '^yM`e$5?|^^', 'margot43@gimenez.com', '2012-02-20 00:00:00', 'André', 'Rousset'),
(159, 'baron.laetitia', '[FI%z{6P3KJ2MZ%', 'tbourgeois@delattre.org', '2006-06-09 00:00:00', 'Alex', 'Bouvier'),
(160, 'xlopez', ':9-lo1mENb7', 'lambert.alice@dacosta.com', '1988-06-08 00:00:00', 'Michèle', 'Jean'),
(161, 'celina.wagner', 'myapBN', 'nremy@sfr.fr', '2003-05-23 00:00:00', 'William', 'Berger'),
(162, 'edouard.costa', 'bcs(8N`5v%$)DV#FE', 'celina44@gmail.com', '1973-11-28 00:00:00', 'Timothée', 'Neveu'),
(163, 'benard.noel', 'x]gQ61xs(gkL-7S^h)', 'franck.garnier@bouygtel.fr', '2024-01-04 00:00:00', 'Dominique', 'Gonzalez'),
(164, 'agnes.fontaine', '$hh`f?7-vVU*', 'bernier.laurence@martin.fr', '2003-09-17 00:00:00', 'Benoît', 'Germain'),
(165, 'audrey31', 'wFLeQ[[W@R(', 'philippine.bigot@rolland.net', '2011-05-11 00:00:00', 'Monique', 'Bousquet'),
(166, 'leon53', '/G}OSz#^hl=WT|gO-', 'prevost.manon@noos.fr', '1977-08-13 00:00:00', 'Marc', 'Bousquet'),
(167, 'fournier.vincent', 'i/?4k.H3C=', 'thierry88@fischer.com', '1972-03-01 00:00:00', 'Alex', 'Begue'),
(168, 'juliette62', 'EHHWRo', 'berthelot.noel@ifrance.com', '2003-01-24 00:00:00', 'Lucie', 'Fouquet'),
(169, 'jguillou', '9u?\\gks$WcV{', 'parent.dominique@charles.fr', '2006-04-14 00:00:00', 'Alex', 'Navarro'),
(170, 'mguilbert', 'egzC2aBGs,(knC[@BRy', 'hjacques@roche.fr', '1981-08-08 00:00:00', 'Aurore', 'Charpentier'),
(171, 'camille82', 'Ztl8baJ*ZA(7{%|?:N', 'bgomez@merle.com', '2005-04-29 00:00:00', 'Margaud', 'Allard'),
(172, 'bpicard', '}FXo.hDJq', 'aurore95@costa.com', '2019-12-25 00:00:00', 'Virginie', 'Dufour'),
(173, 'patrick75', 'ap%y[.,L:\'<~', 'antoine.regnier@ribeiro.com', '2012-01-03 00:00:00', 'Cécile', 'Barbe'),
(174, 'francoise.boulanger', '\\fJ/*>^*~9W:\\', 'coste.dominique@vaillant.com', '1972-01-21 00:00:00', 'Jacqueline', 'Richard'),
(175, 'renee26', 'XThJdOS-bTCjq<|Lk', 'plegrand@lucas.fr', '2023-10-05 00:00:00', 'Arnaude', 'Blin'),
(176, 'imarie', '{\\vn/Vi?y', 'arnaude32@hotmail.fr', '1970-03-14 00:00:00', 'Timothée', 'Perrin'),
(177, 'nicolas.gay', '5hBEW_#n1uB1<i8kK', 'laetitia.marques@wanadoo.fr', '1987-04-11 00:00:00', 'Marie', 'Techer'),
(178, 'ecarre', '\\I=rKBO=M', 'augustin.durand@duhamel.com', '1971-02-15 00:00:00', 'Daniel', 'Roger'),
(179, 'lelievre.henriette', '=;NOFoqHoX]Pxb]j', 'alexandre.thibaut@fontaine.com', '1991-08-18 00:00:00', 'Noémi', 'Bouchet'),
(180, 'frederique86', 'ma6d3o9M1IYw=', 'georges00@rodrigues.fr', '1973-08-14 00:00:00', 'Constance', 'Lecoq'),
(181, 'klegrand', '|->c\\-[o', 'eric.vallet@sfr.fr', '2008-12-11 00:00:00', 'Margot', 'Maillet'),
(182, 'pons.marguerite', '$n03SK|&8uT,^Y8', 'hugues.girard@potier.com', '2007-05-21 00:00:00', 'Arnaude', 'Lopez'),
(183, 'valentin.laurence', 'GB\'elOuny:6aDc~', 'krocher@seguin.fr', '1988-02-01 00:00:00', 'Gilbert', 'Albert'),
(184, 'etienne73', '@AEs8-w5p.)kFu', 'madam@hotmail.fr', '2014-10-28 00:00:00', 'Philippe', 'Auger'),
(185, 'eric55', '(+%e&>m*2-{*F!^KHGQ', 'legall.andree@robin.org', '2019-06-21 00:00:00', 'Alice', 'Rolland'),
(186, 'camille.pinto', '63Xp{)9POvJiL-.EFoYT', 'guilbert.matthieu@wanadoo.fr', '2020-06-16 00:00:00', 'Louis', 'Fleury'),
(187, 'spereira', ',^)/10B,', 'hubert.laetitia@poulain.org', '1982-06-07 00:00:00', 'Maurice', 'Petit'),
(188, 'laure89', '%(mnQ--\\>p*^', 'devaux.thibaut@laposte.net', '2024-02-21 00:00:00', 'Joseph', 'Traore'),
(189, 'pierre52', 'I$n<h._\':,;Jp', 'astrid.marechal@toussaint.fr', '1997-08-13 00:00:00', 'Anouk', 'Imbert'),
(190, 'begue.virginie', '=[r~gXe|', 'lesage.elise@duhamel.fr', '2021-03-01 00:00:00', 'Stéphane', 'Leleu'),
(191, 'guerin.josette', '{ydr}h^3', 'qmarechal@ifrance.com', '1970-04-01 00:00:00', 'Charlotte', 'Denis'),
(192, 'patrick10', 'r7<$J?n6n@', 'lemaire.marcel@mary.com', '2009-06-19 00:00:00', 'Sophie', 'Denis'),
(193, 'isauvage', ']l:0{&RI~\".,r=_', 'noel.hernandez@voila.fr', '1983-01-11 00:00:00', 'Eugène', 'Thomas'),
(194, 'theophile81', '<>t{Y~U1euGW,0', 'gerard.thibault@orange.fr', '1999-02-01 00:00:00', 'Bertrand', 'Riou'),
(195, 'marechal.claude', 'SnO2Js', 'nathalie93@roux.fr', '1973-08-29 00:00:00', 'Audrey', 'Henry'),
(196, 'marc01', '~2@#zI%~WVeWR@BG@', 'roland59@yahoo.fr', '1980-05-05 00:00:00', 'Luc', 'Gros'),
(197, 'michel19', 'TjU6(s\'PRt<aA=Yhp3', 'francois37@bonnin.fr', '2005-11-21 00:00:00', 'Alfred', 'Maillet'),
(198, 'benjamin16', 'DF_{dtXKPnOA*~xIU', 'gilles.gauthier@legall.org', '2016-11-21 00:00:00', 'Mathilde', 'Pires'),
(199, 'timothee.diaz', 'eJXY?UyT}tBb', 'abousquet@deoliveira.fr', '1983-09-07 00:00:00', 'Adrienne', 'Renaud'),
(200, 'noel.payet', 'H4o\"0YE~/?M*', 'lreynaud@dbmail.com', '2001-02-17 00:00:00', 'William', 'Garnier');

-- --------------------------------------------------------

--
-- Structure de la table `theatre`
--

DROP TABLE IF EXISTS `theatre`;
CREATE TABLE IF NOT EXISTS `theatre` (
  `ID` int NOT NULL AUTO_INCREMENT,
  `name` varchar(255) NOT NULL,
  `presentation` text NOT NULL,
  `address` varchar(255) NOT NULL,
  `borough` int NOT NULL,
  `geolocalisation` point NOT NULL,
  `phone` varchar(255) NOT NULL,
  `email` varchar(255) NOT NULL,
  PRIMARY KEY (`ID`)
) ENGINE=InnoDB DEFAULT CHARSET=utf8mb4 COLLATE=utf8mb4_unicode_ci;

INSERT INTO `theatre` (`ID`, `name`, `presentation`, `address`, `borough`, `geolocalisation`, `phone`, `email`) VALUES
(1, 'Martinez', 'Aut repellat similique sapiente occaecati harum qui ut eveniet. Non itaque quo veniam. Rerum sed dignissimos cupiditate odio in.', '54, boulevard Monique Leconte\n87 219 Navarro', 13, 0x000000000101000000056c0723f67750c0c72fbc92e4e347c0, '05 20 60 86 17', 'benard.monique@mathieu.fr'),
(2, 'Gilles Labbe S.A.S.', 'Sit consequatur vero ab quasi quia et. Ea ipsa dolorum tempore placeat aut magni officia. Modi blanditiis rerum rem unde repellendus. Quaerat quia ea nihil minus quia voluptatem.', 'rue de Collet\n02161 Guyot-sur-Klein', 15, 0x000000000101000000bc5d2f4d11b852c05fb69db646f256c0, '+33 9 36 56 33 34', 'xpoulain@maillard.com'),
(3, 'Vallee Pruvost et Fils', 'Similique illum est facilis sit dicta incidunt voluptas. Culpa magnam aut quod reprehenderit laborum cumque. Iste amet et voluptatum sint.', '69, place Auger\n30931 Evrard-sur-Antoine', 1, 0x000000000101000000105d50df320f3040dd5f3dee5b445040, '+33 1 24 16 39 28', 'kdesousa@albert.net'),
(4, 'Lombard Gerard S.A.R.L.', 'Et sint recusandae doloribus qui voluptate quaerat sit. Ut quas dolor consequatur esse. Quis optio fugit reprehenderit ut quos.', '203, rue Sauvage\n91011 Rey-sur-Mer', 4, 0x0000000001010000006bd619df17af2c40b4c9e1934ee642c0, '01 96 14 03 32', 'qchartier@laposte.net'),
(5, 'Schmitt Leblanc et Fils', 'Consequatur maiores qui unde ipsa id. Voluptatem eveniet illo dolor facere. Natus a numquam repellendus at. Quae at veritatis aliquid et quia ipsam ea.', '6, avenue de Philippe\n78743 Perez-sur-Meunier', 17, 0x000000000101000000266f8099efc050c0d47e6b274ac76340, '06 04 76 80 03', 'renee.peron@ferreira.fr');

--
-- Contraintes pour les tables déchargées
--

--
-- Contraintes pour la table `representation`
--
ALTER TABLE `representation`
  ADD CONSTRAINT `fk_representationR` FOREIGN KEY (`room_id`) REFERENCES `room` (`ID`),
  ADD CONSTRAINT `fk_representationS` FOREIGN KEY (`spectacle_id`) REFERENCES `spectacle` (`ID`);

--
-- Contraintes pour la table `role`
--
ALTER TABLE `role`
  ADD CONSTRAINT `fk_roleA` FOREIGN KEY (`artist_id`) REFERENCES `artist` (`ID`),
  ADD CONSTRAINT `fk_roleS` FOREIGN KEY (`spectacle_id`) REFERENCES `spectacle` (`ID`);

--
-- Contraintes pour la table `room`
--
ALTER TABLE `room`
  ADD CONSTRAINT `fk_theatre` FOREIGN KEY (`theater_id`) REFERENCES `theatre` (`ID`);

--
-- Contraintes pour la table `schedule`
--
ALTER TABLE `schedule`
  ADD CONSTRAINT `fk_scheduleSP` FOREIGN KEY (`spectacle_id`) REFERENCES `spectacle` (`ID`),
  ADD CONSTRAINT `fk_scheduleSU` FOREIGN KEY (`subscriber_id`) REFERENCES `subscriber` (`ID`);

--
-- Contraintes pour la table `spectacle`
--
ALTER TABLE `spectacle`
  ADD CONSTRAINT `fk_spectacle` FOREIGN KEY (`category_id`) REFERENCES `category` (`ID`);
COMMIT;

/*!40101 SET CHARACTER_SET_CLIENT=@OLD_CHARACTER_SET_CLIENT */;
/*!40101 SET CHARACTER_SET_RESULTS=@OLD_CHARACTER_SET_RESULTS */;
/*!40101 SET COLLATION_CONNECTION=@OLD_COLLATION_CONNECTION */;
